Workbook

Sheet Diretrizes
B2: Ciclos | C2: Ciclo 1 | D2: Ciclo 2 | E2: Ciclo 3 | F2: Ciclo 4 | G2: Ciclo 5 | I2: Banca Inicial | J2: Entradas/Obj*
B3: Stake Inicial de Cada Ciclo | C3: =I3 -> 100 | D3: =I3 -> 100 | E3: 125 | F3: =E7-E10 -> 137.5 | G3: =F7-F10 -> 156.25 | I3: 100 | J3: 12
B4: Objetivo jogo por jogo | C4: =$I$6 -> 0.04 | D4: =$I$6 -> 0.04 | E4: =$I$6 -> 0.04 | F4: =$I$6 -> 0.04 | G4: =$I$6 -> 0.04
B5: Fator de redução | C5: =J6 -> 0 | D5: =J6 -> 0 | E5: =J6 -> 0 | F5: =J6 -> 0 | G5: =J6 -> 0 | I5: Obj. Jogo 1 | J5: Fator de red.
B6: Parar com % de lucro | C6: 0.5 | D6: 0.5 | E6: 0.5 | F6: 0.5 | G6: 0.5 | I6: 0.04 | J6: 0
B7: Objetivo do Ciclo Chegar ate: | C7: =C3*(1+C6) -> 150 | D7: =D3*(1+D6) -> 150 | E7: =E3*(1+E6) -> 187.5 | F7: =F3*(1+F6) -> 206.25 | G7: =G3*(1+G6) -> 234.375
B8: Saldo Atual do Ciclo | C8: =if('Ciclo 1'!G3="",0,'Ciclo 1'!Q6) -> 0 | D8: =if('Ciclo 2'!G3="",0,'Ciclo 1'!Q6) -> 0 | E8: =if('Ciclo 3'!G3="",0,'Ciclo 1'!Q6) -> 0 | F8: =if('Ciclo 4'!G3="",0,'Ciclo 1'!Q6) -> 0 | G8: =if('Ciclo 5'!G3="",0,'Ciclo 1'!Q6) -> 0 | I8: Lucro teórico | J8: Lucro teórico %
B9: Lucro do Ciclo | C9: ='Ciclo 1'!Q7 -> 0 | D9: ='Ciclo 2'!Q7 -> 0 | E9: ='Ciclo 3'!Q7 -> 0 | F9: ='Ciclo 4'!Q7 -> 0 | G9: ='Ciclo 5'!Q7 -> 0 | I9: =SUM(C10:G10) -> 409.375 | J9: =I9/I3 -> 4.09375
B10: Saque Teórico | C10: =C7-D3 -> 50 | D10: 25 | E10: 50 | F10: 50 | G10: =G7 -> 234.375
B11: Saque Real | I11: Lucro Atual | J11: Lucro Final
I12: =SUM(C9:G9) -> 0 | J12: =I12/I3 -> 0
B13: Método de Ciclos - Nettuno
B16: Estratégia | C16: Entradas | D16: Valor | E16: %Médio | F16: %Total
C17: =countif('Ciclo 1'!M:M,$B17)+countif('Ciclo 2'!M:M,$B17)+countif('Ciclo 3'!M:M,$B17)+countif('Ciclo 4'!M:M,$B17)+countif('Ciclo 5'!M:M,$B17) -> 0 | D17: =sumif('Ciclo 1'!$M:$M,$B17,'Ciclo 1'!G:G)+sumif('Ciclo 2'!$M:$M,$B17,'Ciclo 2'!G:G)+sumif('Ciclo 3'!$M:$M,$B17,'Ciclo 3'!G:G)+sumif('Ciclo 4'!$M:$M,$B17,'Ciclo 4'!G:G)+sumif('Ciclo 5'!$M:$M,$B17,'Ciclo 5'!G:G) -> 0 | E17: =iferror((sumif('Ciclo 1'!M:M,#REF!,'Ciclo 1'!H:H)+sumif('Ciclo 2'!M:M,#REF!,'Ciclo 2'!H:H)+sumif('Ciclo 3'!M:M,#REF!,'Ciclo 3'!H:H)+sumif('Ciclo 4'!M:M,#REF!,'Ciclo 4'!H:H)+sumif('Ciclo 5'!M:M,#REF!,'Ciclo 5'!H:H))/C17,"") | F17: =IFERROR(D17/$D$35,"") | H17: O método deve ser aplicado em Exchange, para você poder utilizar o lay. Não é possivel fazer o Método de Ciclos em casas de apostas. Abaixo seguem as 2 melhores opções de exchanges.
C18: =countif('Ciclo 1'!M:M,$B18)+countif('Ciclo 2'!M:M,$B18)+countif('Ciclo 3'!M:M,$B18)+countif('Ciclo 4'!M:M,$B18)+countif('Ciclo 5'!M:M,$B18) -> 0 | D18: =sumif('Ciclo 1'!$M:$M,$B18,'Ciclo 1'!G:G)+sumif('Ciclo 2'!$M:$M,$B18,'Ciclo 2'!G:G)+sumif('Ciclo 3'!$M:$M,$B18,'Ciclo 3'!G:G)+sumif('Ciclo 4'!$M:$M,$B18,'Ciclo 4'!G:G)+sumif('Ciclo 5'!$M:$M,$B18,'Ciclo 5'!G:G) -> 0 | E18: =iferror((sumif('Ciclo 1'!M:M,#REF!,'Ciclo 1'!H:H)+sumif('Ciclo 2'!M:M,#REF!,'Ciclo 2'!H:H)+sumif('Ciclo 3'!M:M,#REF!,'Ciclo 3'!H:H)+sumif('Ciclo 4'!M:M,#REF!,'Ciclo 4'!H:H)+sumif('Ciclo 5'!M:M,#REF!,'Ciclo 5'!H:H))/C18,"") | F18: =IFERROR(D18/$D$35,"")
C19: =countif('Ciclo 1'!M:M,$B19)+countif('Ciclo 2'!M:M,$B19)+countif('Ciclo 3'!M:M,$B19)+countif('Ciclo 4'!M:M,$B19)+countif('Ciclo 5'!M:M,$B19) -> 0 | D19: =sumif('Ciclo 1'!$M:$M,$B19,'Ciclo 1'!G:G)+sumif('Ciclo 2'!$M:$M,$B19,'Ciclo 2'!G:G)+sumif('Ciclo 3'!$M:$M,$B19,'Ciclo 3'!G:G)+sumif('Ciclo 4'!$M:$M,$B19,'Ciclo 4'!G:G)+sumif('Ciclo 5'!$M:$M,$B19,'Ciclo 5'!G:G) -> 0 | E19: =iferror((sumif('Ciclo 1'!M:M,#REF!,'Ciclo 1'!H:H)+sumif('Ciclo 2'!M:M,#REF!,'Ciclo 2'!H:H)+sumif('Ciclo 3'!M:M,#REF!,'Ciclo 3'!H:H)+sumif('Ciclo 4'!M:M,#REF!,'Ciclo 4'!H:H)+sumif('Ciclo 5'!M:M,#REF!,'Ciclo 5'!H:H))/C19,"") | F19: =IFERROR(D19/$D$35,"")
C20: =countif('Ciclo 1'!M:M,$B20)+countif('Ciclo 2'!M:M,$B20)+countif('Ciclo 3'!M:M,$B20)+countif('Ciclo 4'!M:M,$B20)+countif('Ciclo 5'!M:M,$B20) -> 0 | D20: =sumif('Ciclo 1'!$M:$M,$B20,'Ciclo 1'!G:G)+sumif('Ciclo 2'!$M:$M,$B20,'Ciclo 2'!G:G)+sumif('Ciclo 3'!$M:$M,$B20,'Ciclo 3'!G:G)+sumif('Ciclo 4'!$M:$M,$B20,'Ciclo 4'!G:G)+sumif('Ciclo 5'!$M:$M,$B20,'Ciclo 5'!G:G) -> 0 | E20: =iferror((sumif('Ciclo 1'!M:M,#REF!,'Ciclo 1'!H:H)+sumif('Ciclo 2'!M:M,#REF!,'Ciclo 2'!H:H)+sumif('Ciclo 3'!M:M,#REF!,'Ciclo 3'!H:H)+sumif('Ciclo 4'!M:M,#REF!,'Ciclo 4'!H:H)+sumif('Ciclo 5'!M:M,#REF!,'Ciclo 5'!H:H))/C20,"") | F20: =IFERROR(D20/$D$35,"")
C21: =countif('Ciclo 1'!M:M,$B21)+countif('Ciclo 2'!M:M,$B21)+countif('Ciclo 3'!M:M,$B21)+countif('Ciclo 4'!M:M,$B21)+countif('Ciclo 5'!M:M,$B21) -> 0 | D21: =sumif('Ciclo 1'!$M:$M,$B21,'Ciclo 1'!G:G)+sumif('Ciclo 2'!$M:$M,$B21,'Ciclo 2'!G:G)+sumif('Ciclo 3'!$M:$M,$B21,'Ciclo 3'!G:G)+sumif('Ciclo 4'!$M:$M,$B21,'Ciclo 4'!G:G)+sumif('Ciclo 5'!$M:$M,$B21,'Ciclo 5'!G:G) -> 0 | E21: =iferror((sumif('Ciclo 1'!M:M,#REF!,'Ciclo 1'!H:H)+sumif('Ciclo 2'!M:M,#REF!,'Ciclo 2'!H:H)+sumif('Ciclo 3'!M:M,#REF!,'Ciclo 3'!H:H)+sumif('Ciclo 4'!M:M,#REF!,'Ciclo 4'!H:H)+sumif('Ciclo 5'!M:M,#REF!,'Ciclo 5'!H:H))/C21,"") | F21: =IFERROR(D21/$D$35,"")
C22: =countif('Ciclo 1'!M:M,$B22)+countif('Ciclo 2'!M:M,$B22)+countif('Ciclo 3'!M:M,$B22)+countif('Ciclo 4'!M:M,$B22)+countif('Ciclo 5'!M:M,$B22) -> 0 | D22: =sumif('Ciclo 1'!$M:$M,$B22,'Ciclo 1'!G:G)+sumif('Ciclo 2'!$M:$M,$B22,'Ciclo 2'!G:G)+sumif('Ciclo 3'!$M:$M,$B22,'Ciclo 3'!G:G)+sumif('Ciclo 4'!$M:$M,$B22,'Ciclo 4'!G:G)+sumif('Ciclo 5'!$M:$M,$B22,'Ciclo 5'!G:G) -> 0 | E22: =iferror((sumif('Ciclo 1'!M:M,#REF!,'Ciclo 1'!H:H)+sumif('Ciclo 2'!M:M,#REF!,'Ciclo 2'!H:H)+sumif('Ciclo 3'!M:M,#REF!,'Ciclo 3'!H:H)+sumif('Ciclo 4'!M:M,#REF!,'Ciclo 4'!H:H)+sumif('Ciclo 5'!M:M,#REF!,'Ciclo 5'!H:H))/C22,"") | F22: =IFERROR(D22/$D$35,"")
C23: =countif('Ciclo 1'!M:M,$B23)+countif('Ciclo 2'!M:M,$B23)+countif('Ciclo 3'!M:M,$B23)+countif('Ciclo 4'!M:M,$B23)+countif('Ciclo 5'!M:M,$B23) -> 0 | D23: =sumif('Ciclo 1'!$M:$M,$B23,'Ciclo 1'!G:G)+sumif('Ciclo 2'!$M:$M,$B23,'Ciclo 2'!G:G)+sumif('Ciclo 3'!$M:$M,$B23,'Ciclo 3'!G:G)+sumif('Ciclo 4'!$M:$M,$B23,'Ciclo 4'!G:G)+sumif('Ciclo 5'!$M:$M,$B23,'Ciclo 5'!G:G) -> 0 | E23: =iferror((sumif('Ciclo 1'!M:M,#REF!,'Ciclo 1'!H:H)+sumif('Ciclo 2'!M:M,#REF!,'Ciclo 2'!H:H)+sumif('Ciclo 3'!M:M,#REF!,'Ciclo 3'!H:H)+sumif('Ciclo 4'!M:M,#REF!,'Ciclo 4'!H:H)+sumif('Ciclo 5'!M:M,#REF!,'Ciclo 5'!H:H))/C23,"") | F23: =IFERROR(D23/$D$35,"")
C24: =countif('Ciclo 1'!M:M,$B24)+countif('Ciclo 2'!M:M,$B24)+countif('Ciclo 3'!M:M,$B24)+countif('Ciclo 4'!M:M,$B24)+countif('Ciclo 5'!M:M,$B24) -> 0 | D24: =sumif('Ciclo 1'!$M:$M,$B24,'Ciclo 1'!G:G)+sumif('Ciclo 2'!$M:$M,$B24,'Ciclo 2'!G:G)+sumif('Ciclo 3'!$M:$M,$B24,'Ciclo 3'!G:G)+sumif('Ciclo 4'!$M:$M,$B24,'Ciclo 4'!G:G)+sumif('Ciclo 5'!$M:$M,$B24,'Ciclo 5'!G:G) -> 0 | E24: =iferror((sumif('Ciclo 1'!M:M,#REF!,'Ciclo 1'!H:H)+sumif('Ciclo 2'!M:M,#REF!,'Ciclo 2'!H:H)+sumif('Ciclo 3'!M:M,#REF!,'Ciclo 3'!H:H)+sumif('Ciclo 4'!M:M,#REF!,'Ciclo 4'!H:H)+sumif('Ciclo 5'!M:M,#REF!,'Ciclo 5'!H:H))/C24,"") | F24: =IFERROR(D24/$D$35,"") | H24: Bolsa de Aposta, melhor custo benefício de exchange no mercado.
C25: =countif('Ciclo 1'!M:M,$B25)+countif('Ciclo 2'!M:M,$B25)+countif('Ciclo 3'!M:M,$B25)+countif('Ciclo 4'!M:M,$B25)+countif('Ciclo 5'!M:M,$B25) -> 0 | D25: =sumif('Ciclo 1'!$M:$M,$B25,'Ciclo 1'!G:G)+sumif('Ciclo 2'!$M:$M,$B25,'Ciclo 2'!G:G)+sumif('Ciclo 3'!$M:$M,$B25,'Ciclo 3'!G:G)+sumif('Ciclo 4'!$M:$M,$B25,'Ciclo 4'!G:G)+sumif('Ciclo 5'!$M:$M,$B25,'Ciclo 5'!G:G) -> 0 | E25: =iferror((sumif('Ciclo 1'!M:M,#REF!,'Ciclo 1'!H:H)+sumif('Ciclo 2'!M:M,#REF!,'Ciclo 2'!H:H)+sumif('Ciclo 3'!M:M,#REF!,'Ciclo 3'!H:H)+sumif('Ciclo 4'!M:M,#REF!,'Ciclo 4'!H:H)+sumif('Ciclo 5'!M:M,#REF!,'Ciclo 5'!H:H))/C25,"") | F25: =IFERROR(D25/$D$35,"")
C26: =countif('Ciclo 1'!M:M,$B26)+countif('Ciclo 2'!M:M,$B26)+countif('Ciclo 3'!M:M,$B26)+countif('Ciclo 4'!M:M,$B26)+countif('Ciclo 5'!M:M,$B26) -> 0 | D26: =sumif('Ciclo 1'!$M:$M,$B26,'Ciclo 1'!G:G)+sumif('Ciclo 2'!$M:$M,$B26,'Ciclo 2'!G:G)+sumif('Ciclo 3'!$M:$M,$B26,'Ciclo 3'!G:G)+sumif('Ciclo 4'!$M:$M,$B26,'Ciclo 4'!G:G)+sumif('Ciclo 5'!$M:$M,$B26,'Ciclo 5'!G:G) -> 0 | E26: =iferror((sumif('Ciclo 1'!M:M,#REF!,'Ciclo 1'!H:H)+sumif('Ciclo 2'!M:M,#REF!,'Ciclo 2'!H:H)+sumif('Ciclo 3'!M:M,#REF!,'Ciclo 3'!H:H)+sumif('Ciclo 4'!M:M,#REF!,'Ciclo 4'!H:H)+sumif('Ciclo 5'!M:M,#REF!,'Ciclo 5'!H:H))/C26,"") | F26: =IFERROR(D26/$D$35,"")
C27: =countif('Ciclo 1'!M:M,$B27)+countif('Ciclo 2'!M:M,$B27)+countif('Ciclo 3'!M:M,$B27)+countif('Ciclo 4'!M:M,$B27)+countif('Ciclo 5'!M:M,$B27) -> 0 | D27: =sumif('Ciclo 1'!$M:$M,$B27,'Ciclo 1'!G:G)+sumif('Ciclo 2'!$M:$M,$B27,'Ciclo 2'!G:G)+sumif('Ciclo 3'!$M:$M,$B27,'Ciclo 3'!G:G)+sumif('Ciclo 4'!$M:$M,$B27,'Ciclo 4'!G:G)+sumif('Ciclo 5'!$M:$M,$B27,'Ciclo 5'!G:G) -> 0 | E27: =iferror((sumif('Ciclo 1'!M:M,#REF!,'Ciclo 1'!H:H)+sumif('Ciclo 2'!M:M,#REF!,'Ciclo 2'!H:H)+sumif('Ciclo 3'!M:M,#REF!,'Ciclo 3'!H:H)+sumif('Ciclo 4'!M:M,#REF!,'Ciclo 4'!H:H)+sumif('Ciclo 5'!M:M,#REF!,'Ciclo 5'!H:H))/C27,"") | F27: =IFERROR(D27/$D$35,"")
C28: =countif('Ciclo 1'!M:M,$B28)+countif('Ciclo 2'!M:M,$B28)+countif('Ciclo 3'!M:M,$B28)+countif('Ciclo 4'!M:M,$B28)+countif('Ciclo 5'!M:M,$B28) -> 0 | D28: =sumif('Ciclo 1'!$M:$M,$B28,'Ciclo 1'!G:G)+sumif('Ciclo 2'!$M:$M,$B28,'Ciclo 2'!G:G)+sumif('Ciclo 3'!$M:$M,$B28,'Ciclo 3'!G:G)+sumif('Ciclo 4'!$M:$M,$B28,'Ciclo 4'!G:G)+sumif('Ciclo 5'!$M:$M,$B28,'Ciclo 5'!G:G) -> 0 | E28: =iferror((sumif('Ciclo 1'!M:M,#REF!,'Ciclo 1'!H:H)+sumif('Ciclo 2'!M:M,#REF!,'Ciclo 2'!H:H)+sumif('Ciclo 3'!M:M,#REF!,'Ciclo 3'!H:H)+sumif('Ciclo 4'!M:M,#REF!,'Ciclo 4'!H:H)+sumif('Ciclo 5'!M:M,#REF!,'Ciclo 5'!H:H))/C28,"") | F28: =IFERROR(D28/$D$35,"")
C29: =countif('Ciclo 1'!M:M,$B29)+countif('Ciclo 2'!M:M,$B29)+countif('Ciclo 3'!M:M,$B29)+countif('Ciclo 4'!M:M,$B29)+countif('Ciclo 5'!M:M,$B29) -> 0 | D29: =sumif('Ciclo 1'!$M:$M,$B29,'Ciclo 1'!G:G)+sumif('Ciclo 2'!$M:$M,$B29,'Ciclo 2'!G:G)+sumif('Ciclo 3'!$M:$M,$B29,'Ciclo 3'!G:G)+sumif('Ciclo 4'!$M:$M,$B29,'Ciclo 4'!G:G)+sumif('Ciclo 5'!$M:$M,$B29,'Ciclo 5'!G:G) -> 0 | E29: =iferror((sumif('Ciclo 1'!M:M,#REF!,'Ciclo 1'!H:H)+sumif('Ciclo 2'!M:M,#REF!,'Ciclo 2'!H:H)+sumif('Ciclo 3'!M:M,#REF!,'Ciclo 3'!H:H)+sumif('Ciclo 4'!M:M,#REF!,'Ciclo 4'!H:H)+sumif('Ciclo 5'!M:M,#REF!,'Ciclo 5'!H:H))/C29,"") | F29: =IFERROR(D29/$D$35,"")
C30: =countif('Ciclo 1'!M:M,$B30)+countif('Ciclo 2'!M:M,$B30)+countif('Ciclo 3'!M:M,$B30)+countif('Ciclo 4'!M:M,$B30)+countif('Ciclo 5'!M:M,$B30) -> 0 | D30: =sumif('Ciclo 1'!$M:$M,$B30,'Ciclo 1'!G:G)+sumif('Ciclo 2'!$M:$M,$B30,'Ciclo 2'!G:G)+sumif('Ciclo 3'!$M:$M,$B30,'Ciclo 3'!G:G)+sumif('Ciclo 4'!$M:$M,$B30,'Ciclo 4'!G:G)+sumif('Ciclo 5'!$M:$M,$B30,'Ciclo 5'!G:G) -> 0 | E30: =iferror((sumif('Ciclo 1'!M:M,#REF!,'Ciclo 1'!H:H)+sumif('Ciclo 2'!M:M,#REF!,'Ciclo 2'!H:H)+sumif('Ciclo 3'!M:M,#REF!,'Ciclo 3'!H:H)+sumif('Ciclo 4'!M:M,#REF!,'Ciclo 4'!H:H)+sumif('Ciclo 5'!M:M,#REF!,'Ciclo 5'!H:H))/C30,"") | F30: =IFERROR(D30/$D$35,"") | H30: Betfair, Bonûs de R$200 ao abrir a conta.
C31: =countif('Ciclo 1'!M:M,$B31)+countif('Ciclo 2'!M:M,$B31)+countif('Ciclo 3'!M:M,$B31)+countif('Ciclo 4'!M:M,$B31)+countif('Ciclo 5'!M:M,$B31) -> 0 | D31: =sumif('Ciclo 1'!$M:$M,$B31,'Ciclo 1'!G:G)+sumif('Ciclo 2'!$M:$M,$B31,'Ciclo 2'!G:G)+sumif('Ciclo 3'!$M:$M,$B31,'Ciclo 3'!G:G)+sumif('Ciclo 4'!$M:$M,$B31,'Ciclo 4'!G:G)+sumif('Ciclo 5'!$M:$M,$B31,'Ciclo 5'!G:G) -> 0 | E31: =iferror((sumif('Ciclo 1'!M:M,#REF!,'Ciclo 1'!H:H)+sumif('Ciclo 2'!M:M,#REF!,'Ciclo 2'!H:H)+sumif('Ciclo 3'!M:M,#REF!,'Ciclo 3'!H:H)+sumif('Ciclo 4'!M:M,#REF!,'Ciclo 4'!H:H)+sumif('Ciclo 5'!M:M,#REF!,'Ciclo 5'!H:H))/C31,"") | F31: =IFERROR(D31/$D$35,"")
C32: =countif('Ciclo 1'!M:M,$B32)+countif('Ciclo 2'!M:M,$B32)+countif('Ciclo 3'!M:M,$B32)+countif('Ciclo 4'!M:M,$B32)+countif('Ciclo 5'!M:M,$B32) -> 0 | D32: =sumif('Ciclo 1'!$M:$M,$B32,'Ciclo 1'!G:G)+sumif('Ciclo 2'!$M:$M,$B32,'Ciclo 2'!G:G)+sumif('Ciclo 3'!$M:$M,$B32,'Ciclo 3'!G:G)+sumif('Ciclo 4'!$M:$M,$B32,'Ciclo 4'!G:G)+sumif('Ciclo 5'!$M:$M,$B32,'Ciclo 5'!G:G) -> 0 | E32: =iferror((sumif('Ciclo 1'!M:M,#REF!,'Ciclo 1'!H:H)+sumif('Ciclo 2'!M:M,#REF!,'Ciclo 2'!H:H)+sumif('Ciclo 3'!M:M,#REF!,'Ciclo 3'!H:H)+sumif('Ciclo 4'!M:M,#REF!,'Ciclo 4'!H:H)+sumif('Ciclo 5'!M:M,#REF!,'Ciclo 5'!H:H))/C32,"") | F32: =IFERROR(D32/$D$35,"")
C33: =countif('Ciclo 1'!M:M,$B33)+countif('Ciclo 2'!M:M,$B33)+countif('Ciclo 3'!M:M,$B33)+countif('Ciclo 4'!M:M,$B33)+countif('Ciclo 5'!M:M,$B33) -> 0 | D33: =sumif('Ciclo 1'!$M:$M,$B33,'Ciclo 1'!G:G)+sumif('Ciclo 2'!$M:$M,$B33,'Ciclo 2'!G:G)+sumif('Ciclo 3'!$M:$M,$B33,'Ciclo 3'!G:G)+sumif('Ciclo 4'!$M:$M,$B33,'Ciclo 4'!G:G)+sumif('Ciclo 5'!$M:$M,$B33,'Ciclo 5'!G:G) -> 0 | E33: =iferror((sumif('Ciclo 1'!M:M,#REF!,'Ciclo 1'!H:H)+sumif('Ciclo 2'!M:M,#REF!,'Ciclo 2'!H:H)+sumif('Ciclo 3'!M:M,#REF!,'Ciclo 3'!H:H)+sumif('Ciclo 4'!M:M,#REF!,'Ciclo 4'!H:H)+sumif('Ciclo 5'!M:M,#REF!,'Ciclo 5'!H:H))/C33,"") | F33: =IFERROR(D33/$D$35,"")
B35: Totais | C35: =sum(C17:C33) -> 0 | D35: =sum(D17:D33) -> 0 | E35: =IFERROR(average('Ciclo 1'!H3:H81,'Ciclo 2'!H3:H81,'Ciclo 3'!H3:H81,'Ciclo 4'!H3:H81,'Ciclo 5'!H3:H81),"")
H36: Aplique o Método de Ciclos de maneira eficiente
B37: Campeonato | C37: Entradas | D37: Valor | E37: %Médio | F37: %Total
B38: =if(Apoio!V1="",,Apoio!V1) | C38: =if(Apoio!W1="",,Apoio!W1) | D38: =if(Apoio!X1="",,Apoio!X1) | E38: =if(Apoio!Y1="",,Apoio!Y1) | F38: =if(Apoio!Z1="",,Apoio!Z1)
B39: =if(Apoio!V2="",,Apoio!V2) | C39: =if(Apoio!W2="",,Apoio!W2) | D39: =if(Apoio!X2="",,Apoio!X2) | E39: =if(Apoio!Y2="",,Apoio!Y2) | F39: =if(Apoio!Z2="",,Apoio!Z2)
B40: =if(Apoio!V3="",,Apoio!V3) | C40: =if(Apoio!W3="",,Apoio!W3) | D40: =if(Apoio!X3="",,Apoio!X3) | E40: =if(Apoio!Y3="",,Apoio!Y3) | F40: =if(Apoio!Z3="",,Apoio!Z3)
B41: =if(Apoio!V4="",,Apoio!V4) | C41: =if(Apoio!W4="",,Apoio!W4) | D41: =if(Apoio!X4="",,Apoio!X4) | E41: =if(Apoio!Y4="",,Apoio!Y4) | F41: =if(Apoio!Z4="",,Apoio!Z4)
B42: =if(Apoio!V5="",,Apoio!V5) | C42: =if(Apoio!W5="",,Apoio!W5) | D42: =if(Apoio!X5="",,Apoio!X5) | E42: =if(Apoio!Y5="",,Apoio!Y5) | F42: =if(Apoio!Z5="",,Apoio!Z5)
B43: =if(Apoio!V6="",,Apoio!V6) | C43: =if(Apoio!W6="",,Apoio!W6) | D43: =if(Apoio!X6="",,Apoio!X6) | E43: =if(Apoio!Y6="",,Apoio!Y6) | F43: =if(Apoio!Z6="",,Apoio!Z6)
B44: =if(Apoio!V7="",,Apoio!V7) | C44: =if(Apoio!W7="",,Apoio!W7) | D44: =if(Apoio!X7="",,Apoio!X7) | E44: =if(Apoio!Y7="",,Apoio!Y7) | F44: =if(Apoio!Z7="",,Apoio!Z7)
B45: =if(Apoio!V8="",,Apoio!V8) | C45: =if(Apoio!W8="",,Apoio!W8) | D45: =if(Apoio!X8="",,Apoio!X8) | E45: =if(Apoio!Y8="",,Apoio!Y8) | F45: =if(Apoio!Z8="",,Apoio!Z8)
B46: =if(Apoio!V9="",,Apoio!V9) | C46: =if(Apoio!W9="",,Apoio!W9) | D46: =if(Apoio!X9="",,Apoio!X9) | E46: =if(Apoio!Y9="",,Apoio!Y9) | F46: =if(Apoio!Z9="",,Apoio!Z9)
B47: =if(Apoio!V10="",,Apoio!V10) | C47: =if(Apoio!W10="",,Apoio!W10) | D47: =if(Apoio!X10="",,Apoio!X10) | E47: =if(Apoio!Y10="",,Apoio!Y10) | F47: =if(Apoio!Z10="",,Apoio!Z10)
B48: =if(Apoio!V11="",,Apoio!V11) | C48: =if(Apoio!W11="",,Apoio!W11) | D48: =if(Apoio!X11="",,Apoio!X11) | E48: =if(Apoio!Y11="",,Apoio!Y11) | F48: =if(Apoio!Z11="",,Apoio!Z11)
B49: =if(Apoio!V12="",,Apoio!V12) | C49: =if(Apoio!W12="",,Apoio!W12) | D49: =if(Apoio!X12="",,Apoio!X12) | E49: =if(Apoio!Y12="",,Apoio!Y12) | F49: =if(Apoio!Z12="",,Apoio!Z12)
... B58: =if(Apoio!V21="",,Apoio!V21) | C58: =if(Apoio!W21="",,Apoio!W21) | D58: =if(Apoio!X21="",,Apoio!X21) | E58: =if(Apoio!Y21="",,Apoio!Y21) | F58: =if(Apoio!Z21="",,Apoio!Z21)
B59: Equipe | C59: Entradas | D59: Valor | E59: %Médio | F59: %Total
B60: =if(Apoio!AB1="",,Apoio!AB1) | C60: =if(Apoio!AC1="",,Apoio!AC1) | D60: =if(Apoio!AD1="",,Apoio!AD1) | E60: =if(Apoio!AE1="",,Apoio!AE1) | F60: =if(Apoio!AF1="",,Apoio!AF1)
B61: =if(Apoio!AB2="",,Apoio!AB2) | C61: =if(Apoio!AC2="",,Apoio!AC2) | D61: =if(Apoio!AD2="",,Apoio!AD2) | E61: =if(Apoio!AE2="",,Apoio!AE2) | F61: =if(Apoio!AF2="",,Apoio!AF2)
B62: =if(Apoio!AB3="",,Apoio!AB3) | C62: =if(Apoio!AC3="",,Apoio!AC3) | D62: =if(Apoio!AD3="",,Apoio!AD3) | E62: =if(Apoio!AE3="",,Apoio!AE3) | F62: =if(Apoio!AF3="",,Apoio!AF3)
B63: =if(Apoio!AB4="",,Apoio!AB4) | C63: =if(Apoio!AC4="",,Apoio!AC4) | D63: =if(Apoio!AD4="",,Apoio!AD4) | E63: =if(Apoio!AE4="",,Apoio!AE4) | F63: =if(Apoio!AF4="",,Apoio!AF4)
B64: =if(Apoio!AB5="",,Apoio!AB5) | C64: =if(Apoio!AC5="",,Apoio!AC5) | D64: =if(Apoio!AD5="",,Apoio!AD5) | E64: =if(Apoio!AE5="",,Apoio!AE5) | F64: =if(Apoio!AF5="",,Apoio!AF5)
B65: =if(Apoio!AB6="",,Apoio!AB6) | C65: =if(Apoio!AC6="",,Apoio!AC6) | D65: =if(Apoio!AD6="",,Apoio!AD6) | E65: =if(Apoio!AE6="",,Apoio!AE6) | F65: =if(Apoio!AF6="",,Apoio!AF6)
B66: =if(Apoio!AB7="",,Apoio!AB7) | C66: =if(Apoio!AC7="",,Apoio!AC7) | D66: =if(Apoio!AD7="",,Apoio!AD7) | E66: =if(Apoio!AE7="",,Apoio!AE7) | F66: =if(Apoio!AF7="",,Apoio!AF7)
B67: =if(Apoio!AB8="",,Apoio!AB8) | C67: =if(Apoio!AC8="",,Apoio!AC8) | D67: =if(Apoio!AD8="",,Apoio!AD8) | E67: =if(Apoio!AE8="",,Apoio!AE8) | F67: =if(Apoio!AF8="",,Apoio!AF8)
B68: =if(Apoio!AB9="",,Apoio!AB9) | C68: =if(Apoio!AC9="",,Apoio!AC9) | D68: =if(Apoio!AD9="",,Apoio!AD9) | E68: =if(Apoio!AE9="",,Apoio!AE9) | F68: =if(Apoio!AF9="",,Apoio!AF9)
B69: =if(Apoio!AB10="",,Apoio!AB10) | C69: =if(Apoio!AC10="",,Apoio!AC10) | D69: =if(Apoio!AD10="",,Apoio!AD10) | E69: =if(Apoio!AE10="",,Apoio!AE10) | F69: =if(Apoio!AF10="",,Apoio!AF10)
B70: =if(Apoio!AB11="",,Apoio!AB11) | C70: =if(Apoio!AC11="",,Apoio!AC11) | D70: =if(Apoio!AD11="",,Apoio!AD11) | E70: =if(Apoio!AE11="",,Apoio!AE11) | F70: =if(Apoio!AF11="",,Apoio!AF11)
B71: =if(Apoio!AB12="",,Apoio!AB12) | C71: =if(Apoio!AC12="",,Apoio!AC12) | D71: =if(Apoio!AD12="",,Apoio!AD12) | E71: =if(Apoio!AE12="",,Apoio!AE12) | F71: =if(Apoio!AF12="",,Apoio!AF12)
... B80: =if(Apoio!AB21="",,Apoio!AB21) | C80: =if(Apoio!AC21="",,Apoio!AC21) | D80: =if(Apoio!AD21="",,Apoio!AD21) | E80: =if(Apoio!AE21="",,Apoio!AE21) | F80: =if(Apoio!AF21="",,Apoio!AF21)

Sheet Ciclo 1
A1: =IF(Diretrizes!J3<2,"",Diretrizes!J3) -> 12 | C1: Banca | D1: Banca | E1: Obj/Banca | F1: Obj./Banca
B2: Jogo | C2: Trabalho | D2: Teórica | E2: Trabalho | F2: Teórica | G2: Lucro | H2: %S.B. Trab | I2: Resíduo | J2: Objetivo | L2: Jogo | M2: Estratégia | N2: Campeonato | P2: Início
B3: 1 | C3: =Diretrizes!C3 -> 100 | D3: =C3 -> 100 | E3: =IF(C3="",,IF(B3="",,C3*J3)) -> 4 | F3: =if(D3="",,D3*J3) -> 4 | H3: =IF(G3="",,G3/C3) | I3: =if(G3="",,G3-F3) | J3: =Diretrizes!C4 -> 0.04 | P3: Fim | V3: =if(L3="","", left(L3, find(" x ",L3)-1)) | W3: =if(L3="","", TRIM(mid(L3,find(" x ",L3)+3,20)))
B4: =IF(B3<$A$1,B3+1,if($A$1="",B3+1,"")) -> 2 | C4: =IF(G3<>0,C3+G3,) | D4: =if(C4="",,D3*(1+J3)) | E4: =IF(C4="",,IF(B4="",,C4*J4)) | F4: =if(D4="",,D4*J4) | H4: =IF(G4="",,G4/C4) | I4: =if(G4="",,G4-F4) | J4: =if(B4<>"",J3*(1-Diretrizes!C$5),) -> 0.04 | K4: =IF(AND(D4>$Q$10,D3<$Q$10),"OK","NOK") -> NOK | V4: =if(L4="","", left(L4, find(" x ",L4)-1)) | W4: =if(L4="","", TRIM(mid(L4,find(" x ",L4)+3,20)))
B5: =IF(B4<$A$1,B4+1,if($A$1="",B4+1,"")) -> 3 | C5: =IF(G4<>0,C4+G4,) | D5: =if(C5="",,D4*(1+J4)) | E5: =IF(C5="",,IF(B5="",,C5*J5)) | F5: =if(D5="",,D5*J5) | H5: =IF(G5="",,G5/C5) | I5: =if(G5="",,G5-F5) | J5: =if(B5<>"",J4*(1-Diretrizes!C$5),) -> 0.04 | K5: =IF(AND(D5>$Q$10,D4<$Q$10),"OK","NOK") -> NOK | P5: Banca Inicial | Q5: =Diretrizes!C3 -> 100 | S5: Resíduo | T5: =SUM(I3:I32) -> 0 | V5: =if(L5="","", left(L5, find(" x ",L5)-1)) | W5: =if(L5="","", TRIM(mid(L5,find(" x ",L5)+3,20)))
B6: =IF(B5<$A$1,B5+1,if($A$1="",B5+1,"")) -> 4 | C6: =IF(G5<>0,C5+G5,) | D6: =if(C6="",,D5*(1+J5)) | E6: =IF(C6="",,IF(B6="",,C6*J6)) | F6: =if(D6="",,D6*J6) | H6: =IF(G6="",,G6/C6) | I6: =if(G6="",,G6-F6) | J6: =if(B6<>"",J5*(1-Diretrizes!C$5),) -> 0.04 | K6: =IF(AND(D6>$Q$10,D5<$Q$10),"OK","NOK") -> NOK | P6: Banca Atual | Q6: =Q7+C3 -> 100 | V6: =if(L6="","", left(L6, find(" x ",L6)-1)) | W6: =if(L6="","", TRIM(mid(L6,find(" x ",L6)+3,20)))
B7: =IF(B6<$A$1,B6+1,if($A$1="",B6+1,"")) -> 5 | C7: =IF(G6<>0,C6+G6,) | D7: =if(C7="",,D6*(1+J6)) | E7: =IF(C7="",,IF(B7="",,C7*J7)) | F7: =if(D7="",,D7*J7) | H7: =IF(G7="",,G7/C7) | I7: =if(G7="",,G7-F7) | J7: =if(B7<>"",J6*(1-Diretrizes!C$5),) -> 0.04 | K7: =IF(AND(D7>$Q$10,D6<$Q$10),"OK","NOK") -> NOK | P7: Lucro do ciclo | Q7: =SUM(G3:G32) -> 0 | S7: Saque | T7: =IF(G3="",,Q6-'Ciclo 2'!Q5) | V7: =if(L7="","", left(L7, find(" x ",L7)-1)) | W7: =if(L7="","", TRIM(mid(L7,find(" x ",L7)+3,20)))
B8: =IF(B7<$A$1,B7+1,if($A$1="",B7+1,"")) -> 6 | C8: =IF(G7<>0,C7+G7,) | D8: =if(C8="",,D7*(1+J7)) | E8: =IF(C8="",,IF(B8="",,C8*J8)) | F8: =if(D8="",,D8*J8) | H8: =IF(G8="",,G8/C8) | I8: =if(G8="",,G8-F8) | J8: =if(B8<>"",J7*(1-Diretrizes!C$5),) -> 0.04 | K8: =IF(AND(D8>$Q$10,D7<$Q$10),"OK","NOK") -> NOK | P8: Lucro % | Q8: =Q6/C3-1 -> 0 | V8: =if(L8="","", left(L8, find(" x ",L8)-1)) | W8: =if(L8="","", TRIM(mid(L8,find(" x ",L8)+3,20)))
B9: =IF(B8<$A$1,B8+1,if($A$1="",B8+1,"")) -> 7 | C9: =IF(G8<>0,C8+G8,) | D9: =if(C9="",,D8*(1+J8)) | E9: =IF(C9="",,IF(B9="",,C9*J9)) | F9: =if(D9="",,D9*J9) | H9: =IF(G9="",,G9/C9) | I9: =if(G9="",,G9-F9) | J9: =if(B9<>"",J8*(1-Diretrizes!C$5),) -> 0.04 | K9: =IF(AND(D9>$Q$10,D8<$Q$10),"OK","NOK") -> NOK | V9: =if(L9="","", left(L9, find(" x ",L9)-1)) | W9: =if(L9="","", TRIM(mid(L9,find(" x ",L9)+3,20)))
B10: =IF(B9<$A$1,B9+1,if($A$1="",B9+1,"")) -> 8 | C10: =IF(G9<>0,C9+G9,) | D10: =if(C10="",,D9*(1+J9)) | E10: =IF(C10="",,IF(B10="",,C10*J10)) | F10: =if(D10="",,D10*J10) | H10: =IF(G10="",,G10/C10) | I10: =if(G10="",,G10-F10) | J10: =if(B10<>"",J9*(1-Diretrizes!C$5),) -> 0.04 | K10: =IF(AND(D10>$Q$10,D9<$Q$10),"OK","NOK") -> NOK | P10: Parar com | Q10: =Diretrizes!C7 -> 150 | V10: =if(L10="","", left(L10, find(" x ",L10)-1)) | W10: =if(L10="","", TRIM(mid(L10,find(" x ",L10)+3,20)))
B11: =IF(B10<$A$1,B10+1,if($A$1="",B10+1,"")) -> 9 | C11: =IF(G10<>0,C10+G10,) | D11: =if(C11="",,D10*(1+J10)) | E11: =IF(C11="",,IF(B11="",,C11*J11)) | F11: =if(D11="",,D11*J11) | H11: =IF(G11="",,G11/C11) | I11: =if(G11="",,G11-F11) | J11: =if(B11<>"",J10*(1-Diretrizes!C$5),) -> 0.04 | K11: =IF(AND(D11>$Q$10,D10<$Q$10),"OK","NOK") -> NOK | V11: =if(L11="","", left(L11, find(" x ",L11)-1)) | W11: =if(L11="","", TRIM(mid(L11,find(" x ",L11)+3,20)))
B12: =IF(B11<$A$1,B11+1,if($A$1="",B11+1,"")) -> 10 | C12: =IF(G11<>0,C11+G11,) | D12: =if(C12="",,D11*(1+J11)) | E12: =IF(C12="",,IF(B12="",,C12*J12)) | F12: =if(D12="",,D12*J12) | H12: =IF(G12="",,G12/C12) | I12: =if(G12="",,G12-F12) | J12: =if(B12<>"",J11*(1-Diretrizes!C$5),) -> 0.04 | K12: =IF(AND(D12>$Q$10,D11<$Q$10),"OK","NOK") -> NOK | P12: Desempenho por Estratégia | V12: =if(L12="","", left(L12, find(" x ",L12)-1)) | W12: =if(L12="","", TRIM(mid(L12,find(" x ",L12)+3,20)))
B13: =IF(B12<$A$1,B12+1,if($A$1="",B12+1,"")) -> 11 | C13: =IF(G12<>0,C12+G12,) | D13: =if(C13="",,D12*(1+J12)) | E13: =IF(C13="",,IF(B13="",,C13*J13)) | F13: =if(D13="",,D13*J13) | H13: =IF(G13="",,G13/C13) | I13: =if(G13="",,G13-F13) | J13: =if(B13<>"",J12*(1-Diretrizes!C$5),) -> 0.04 | P13: Estratégia | Q13: Valor | R13: Qt | S13: %Médio | T13: %Total | V13: =if(L13="","", left(L13, find(" x ",L13)-1)) | W13: =if(L13="","", TRIM(mid(L13,find(" x ",L13)+3,20)))
B14: =IF(B13<$A$1,B13+1,if($A$1="",B13+1,"")) -> 12 | C14: =IF(G13<>0,C13+G13,) | D14: =if(C14="",,D13*(1+J13)) | E14: =IF(C14="",,IF(B14="",,C14*J14)) | F14: =if(D14="",,D14*J14) | H14: =IF(G14="",,G14/C14) | I14: =if(G14="",,G14-F14) | J14: =if(B14<>"",J13*(1-Diretrizes!C$5),) -> 0.04 | P14: {=sort(unique(M3:M112))} | Q14: =if(P14="","", sumif(M$3:M112,P14,G$3:G112)) | R14: =if(P14="","", countif(M$3:M112,P14)) | S14: =if(P14="","", averageif(M$3:M112,P14,H$3:H112)) | T14: =if(P14="","",Q14/sum($G$3:$G112)) | V14: =if(L14="","", left(L14, find(" x ",L14)-1)) | W14: =if(L14="","", TRIM(mid(L14,find(" x ",L14)+3,20)))
B15: =IF(B14<$A$1,B14+1,if($A$1="",B14+1,"")) | C15: =IF(G14<>0,C14+G14,) | D15: =if(C15="",,D14*(1+J14)) | E15: =IF(C15="",,IF(B15="",,C15*J15)) | F15: =if(D15="",,D15*J15) | H15: =IF(G15="",,G15/C15) | I15: =if(G15="",,G15-F15) | J15: =if(B15<>"",J14*(1-Diretrizes!C$5),) | Q15: =if(P15="","", sumif(M$3:M113,P15,G$3:G113)) | R15: =if(P15="","", countif(M$3:M113,P15)) | S15: =if(P15="","", averageif(M$3:M113,P15,H$3:H113)) | T15: =if(P15="","",Q15/sum($G$3:$G113)) | V15: =if(L15="","", left(L15, find(" x ",L15)-1)) | W15: =if(L15="","", TRIM(mid(L15,find(" x ",L15)+3,20)))
B16: =IF(B15<$A$1,B15+1,if($A$1="",B15+1,"")) | C16: =IF(G15<>0,C15+G15,) | D16: =if(C16="",,D15*(1+J15)) | E16: =IF(C16="",,IF(B16="",,C16*J16)) | F16: =if(D16="",,D16*J16) | H16: =IF(G16="",,G16/C16) | I16: =if(G16="",,G16-F16) | J16: =if(B16<>"",J15*(1-Diretrizes!C$5),) | Q16: =if(P16="","", sumif(M$3:M114,P16,G$3:G114)) | R16: =if(P16="","", countif(M$3:M114,P16)) | S16: =if(P16="","", averageif(M$3:M114,P16,H$3:H114)) | T16: =if(P16="","",Q16/sum($G$3:$G114)) | V16: =if(L16="","", left(L16, find(" x ",L16)-1)) | W16: =if(L16="","", TRIM(mid(L16,find(" x ",L16)+3,20)))
B17: =IF(B16<$A$1,B16+1,if($A$1="",B16+1,"")) | C17: =IF(G16<>0,C16+G16,) | D17: =if(C17="",,D16*(1+J16)) | E17: =IF(C17="",,IF(B17="",,C17*J17)) | F17: =if(D17="",,D17*J17) | H17: =IF(G17="",,G17/C17) | I17: =if(G17="",,G17-F17) | J17: =if(B17<>"",J16*(1-Diretrizes!C$5),) | Q17: =if(P17="","", sumif(M$3:M115,P17,G$3:G115)) | R17: =if(P17="","", countif(M$3:M115,P17)) | S17: =if(P17="","", averageif(M$3:M115,P17,H$3:H115)) | T17: =if(P17="","",Q17/sum($G$3:$G115)) | V17: =if(L17="","", left(L17, find(" x ",L17)-1)) | W17: =if(L17="","", TRIM(mid(L17,find(" x ",L17)+3,20)))
B18: =IF(B17<$A$1,B17+1,if($A$1="",B17+1,"")) | C18: =IF(G17<>0,C17+G17,) | D18: =if(C18="",,D17*(1+J17)) | E18: =IF(C18="",,IF(B18="",,C18*J18)) | F18: =if(D18="",,D18*J18) | H18: =IF(G18="",,G18/C18) | I18: =if(G18="",,G18-F18) | J18: =if(B18<>"",J17*(1-Diretrizes!C$5),) | Q18: =if(P18="","", sumif(M$3:M116,P18,G$3:G116)) | R18: =if(P18="","", countif(M$3:M116,P18)) | S18: =if(P18="","", averageif(M$3:M116,P18,H$3:H116)) | T18: =if(P18="","",Q18/sum($G$3:$G116)) | V18: =if(L18="","", left(L18, find(" x ",L18)-1)) | W18: =if(L18="","", TRIM(mid(L18,find(" x ",L18)+3,20)))
B19: =IF(B18<$A$1,B18+1,if($A$1="",B18+1,"")) | C19: =IF(G18<>0,C18+G18,) | D19: =if(C19="",,D18*(1+J18)) | E19: =IF(C19="",,IF(B19="",,C19*J19)) | F19: =if(D19="",,D19*J19) | H19: =IF(G19="",,G19/C19) | I19: =if(G19="",,G19-F19) | J19: =if(B19<>"",J18*(1-Diretrizes!C$5),) | Q19: =if(P19="","", sumif(M$3:M117,P19,G$3:G117)) | R19: =if(P19="","", countif(M$3:M117,P19)) | S19: =if(P19="","", averageif(M$3:M117,P19,H$3:H117)) | T19: =if(P19="","",Q19/sum($G$3:$G117)) | V19: =if(L19="","", left(L19, find(" x ",L19)-1)) | W19: =if(L19="","", TRIM(mid(L19,find(" x ",L19)+3,20)))
B20: =IF(B19<$A$1,B19+1,if($A$1="",B19+1,"")) | C20: =IF(G19<>0,C19+G19,) | D20: =if(C20="",,D19*(1+J19)) | E20: =IF(C20="",,IF(B20="",,C20*J20)) | F20: =if(D20="",,D20*J20) | H20: =IF(G20="",,G20/C20) | I20: =if(G20="",,G20-F20) | J20: =if(B20<>"",J19*(1-Diretrizes!C$5),) | Q20: =if(P20="","", sumif(M$3:M118,P20,G$3:G118)) | R20: =if(P20="","", countif(M$3:M118,P20)) | S20: =if(P20="","", averageif(M$3:M118,P20,H$3:H118)) | T20: =if(P20="","",Q20/sum($G$3:$G118)) | V20: =if(L20="","", left(L20, find(" x ",L20)-1)) | W20: =if(L20="","", TRIM(mid(L20,find(" x ",L20)+3,20)))
B21: =IF(B20<$A$1,B20+1,if($A$1="",B20+1,"")) | C21: =IF(G20<>0,C20+G20,) | D21: =if(C21="",,D20*(1+J20)) | E21: =IF(C21="",,IF(B21="",,C21*J21)) | F21: =if(D21="",,D21*J21) | H21: =IF(G21="",,G21/C21) | I21: =if(G21="",,G21-F21) | J21: =if(B21<>"",J20*(1-Diretrizes!C$5),) | Q21: =if(P21="","", sumif(M$3:M119,P21,G$3:G119)) | R21: =if(P21="","", countif(M$3:M119,P21)) | S21: =if(P21="","", averageif(M$3:M119,P21,H$3:H119)) | T21: =if(P21="","",Q21/sum($G$3:$G119)) | V21: =if(L21="","", left(L21, find(" x ",L21)-1)) | W21: =if(L21="","", TRIM(mid(L21,find(" x ",L21)+3,20)))
B22: =IF(B21<$A$1,B21+1,if($A$1="",B21+1,"")) | C22: =IF(G21<>0,C21+G21,) | D22: =if(C22="",,D21*(1+J21)) | E22: =IF(C22="",,IF(B22="",,C22*J22)) | F22: =if(D22="",,D22*J22) | H22: =IF(G22="",,G22/C22) | I22: =if(G22="",,G22-F22) | J22: =if(B22<>"",J21*(1-Diretrizes!C$5),) | Q22: =if(P22="","", sumif(M$3:M120,P22,G$3:G120)) | R22: =if(P22="","", countif(M$3:M120,P22)) | S22: =if(P22="","", averageif(M$3:M120,P22,H$3:H120)) | T22: =if(P22="","",Q22/sum($G$3:$G120)) | V22: =if(L22="","", left(L22, find(" x ",L22)-1)) | W22: =if(L22="","", TRIM(mid(L22,find(" x ",L22)+3,20)))
B23: =IF(B22<$A$1,B22+1,if($A$1="",B22+1,"")) | C23: =IF(G22<>0,C22+G22,) | D23: =if(C23="",,D22*(1+J22)) | E23: =IF(C23="",,IF(B23="",,C23*J23)) | F23: =if(D23="",,D23*J23) | H23: =IF(G23="",,G23/C23) | I23: =if(G23="",,G23-F23) | J23: =if(B23<>"",J22*(1-Diretrizes!C$5),) | Q23: =if(P23="","", sumif(M$3:M121,P23,G$3:G121)) | R23: =if(P23="","", countif(M$3:M121,P23)) | S23: =if(P23="","", averageif(M$3:M121,P23,H$3:H121)) | T23: =if(P23="","",Q23/sum($G$3:$G121)) | V23: =if(L23="","", left(L23, find(" x ",L23)-1)) | W23: =if(L23="","", TRIM(mid(L23,find(" x ",L23)+3,20)))
B24: =IF(B23<$A$1,B23+1,if($A$1="",B23+1,"")) | C24: =IF(G23<>0,C23+G23,) | D24: =if(C24="",,D23*(1+J23)) | E24: =IF(C24="",,IF(B24="",,C24*J24)) | F24: =if(D24="",,D24*J24) | H24: =IF(G24="",,G24/C24) | I24: =if(G24="",,G24-F24) | J24: =if(B24<>"",J23*(1-Diretrizes!C$5),) | Q24: =if(P24="","", sumif(M$3:M122,P24,G$3:G122)) | R24: =if(P24="","", countif(M$3:M122,P24)) | S24: =if(P24="","", averageif(M$3:M122,P24,H$3:H122)) | T24: =if(P24="","",Q24/sum($G$3:$G122)) | V24: =if(L24="","", left(L24, find(" x ",L24)-1)) | W24: =if(L24="","", TRIM(mid(L24,find(" x ",L24)+3,20)))
B25: =IF(B24<$A$1,B24+1,if($A$1="",B24+1,"")) | C25: =IF(G24<>0,C24+G24,) | D25: =if(C25="",,D24*(1+J24)) | E25: =IF(C25="",,IF(B25="",,C25*J25)) | F25: =if(D25="",,D25*J25) | H25: =IF(G25="",,G25/C25) | I25: =if(G25="",,G25-F25) | J25: =if(B25<>"",J24*(1-Diretrizes!C$5),) | P25: Desempenho por Campeonato | V25: =if(L25="","", left(L25, find(" x ",L25)-1)) | W25: =if(L25="","", TRIM(mid(L25,find(" x ",L25)+3,20)))
B26: =IF(B25<$A$1,B25+1,if($A$1="",B25+1,"")) | C26: =IF(G25<>0,C25+G25,) | D26: =if(C26="",,D25*(1+J25)) | E26: =IF(C26="",,IF(B26="",,C26*J26)) | F26: =if(D26="",,D26*J26) | H26: =IF(G26="",,G26/C26) | I26: =if(G26="",,G26-F26) | J26: =if(B26<>"",J25*(1-Diretrizes!C$5),) | P26: Estratégia | Q26: Valor | R26: Qt | S26: %Médio | T26: %Total | V26: =if(L26="","", left(L26, find(" x ",L26)-1)) | W26: =if(L26="","", TRIM(mid(L26,find(" x ",L26)+3,20)))
B27: =IF(B26<$A$1,B26+1,if($A$1="",B26+1,"")) | C27: =IF(G26<>0,C26+G26,) | D27: =if(C27="",,D26*(1+J26)) | E27: =IF(C27="",,IF(B27="",,C27*J27)) | F27: =if(D27="",,D27*J27) | H27: =IF(G27="",,G27/C27) | I27: =if(G27="",,G27-F27) | J27: =if(B27<>"",J26*(1-Diretrizes!C$5),) | P27: {=sort(unique(N3:N112))} | Q27: =if(P27="","", sumif(N$3:N112,P27,G$3:G112)) | R27: =if(P27="","", countif(N$3:N112,P27)) | S27: =if(P27="","", averageif(N$3:N112,P27,H$3:H112)) | T27: =IF(P27="","",Q27/SUM($G$3:$G112)) | V27: =if(L27="","", left(L27, find(" x ",L27)-1)) | W27: =if(L27="","", TRIM(mid(L27,find(" x ",L27)+3,20)))
B28: =IF(B27<$A$1,B27+1,if($A$1="",B27+1,"")) | C28: =IF(G27<>0,C27+G27,) | D28: =if(C28="",,D27*(1+J27)) | E28: =IF(C28="",,IF(B28="",,C28*J28)) | F28: =if(D28="",,D28*J28) | H28: =IF(G28="",,G28/C28) | I28: =if(G28="",,G28-F28) | J28: =if(B28<>"",J27*(1-Diretrizes!C$5),) | Q28: =if(P28="","", sumif(N$3:N113,P28,G$3:G113)) | R28: =if(P28="","", countif(N$3:N113,P28)) | S28: =if(P28="","", averageif(N$3:N113,P28,H$3:H113)) | T28: =IF(P28="","",Q28/SUM($G$3:$G113)) | V28: =if(L28="","", left(L28, find(" x ",L28)-1)) | W28: =if(L28="","", TRIM(mid(L28,find(" x ",L28)+3,20)))
B29: =IF(B28<$A$1,B28+1,if($A$1="",B28+1,"")) | C29: =IF(G28<>0,C28+G28,) | D29: =if(C29="",,D28*(1+J28)) | E29: =IF(C29="",,IF(B29="",,C29*J29)) | F29: =if(D29="",,D29*J29) | H29: =IF(G29="",,G29/C29) | I29: =if(G29="",,G29-F29) | J29: =if(B29<>"",J28*(1-Diretrizes!C$5),) | Q29: =if(P29="","", sumif(N$3:N114,P29,G$3:G114)) | R29: =if(P29="","", countif(N$3:N114,P29)) | S29: =if(P29="","", averageif(N$3:N114,P29,H$3:H114)) | T29: =IF(P29="","",Q29/SUM($G$3:$G114)) | V29: =if(L29="","", left(L29, find(" x ",L29)-1)) | W29: =if(L29="","", TRIM(mid(L29,find(" x ",L29)+3,20)))
B30: =IF(B29<$A$1,B29+1,if($A$1="",B29+1,"")) | C30: =IF(G29<>0,C29+G29,) | D30: =if(C30="",,D29*(1+J29)) | E30: =IF(C30="",,IF(B30="",,C30*J30)) | F30: =if(D30="",,D30*J30) | H30: =IF(G30="",,G30/C30) | I30: =if(G30="",,G30-F30) | J30: =if(B30<>"",J29*(1-Diretrizes!C$5),) | Q30: =if(P30="","", sumif(N$3:N115,P30,G$3:G115)) | R30: =if(P30="","", countif(N$3:N115,P30)) | S30: =if(P30="","", averageif(N$3:N115,P30,H$3:H115)) | T30: =IF(P30="","",Q30/SUM($G$3:$G115)) | V30: =if(L30="","", left(L30, find(" x ",L30)-1)) | W30: =if(L30="","", TRIM(mid(L30,find(" x ",L30)+3,20)))
B31: =IF(B30<$A$1,B30+1,if($A$1="",B30+1,"")) | C31: =IF(G30<>0,C30+G30,) | D31: =if(C31="",,D30*(1+J30)) | E31: =IF(C31="",,IF(B31="",,C31*J31)) | F31: =if(D31="",,D31*J31) | H31: =IF(G31="",,G31/C31) | I31: =if(G31="",,G31-F31) | J31: =if(B31<>"",J30*(1-Diretrizes!C$5),) | Q31: =if(P31="","", sumif(N$3:N116,P31,G$3:G116)) | R31: =if(P31="","", countif(N$3:N116,P31)) | S31: =if(P31="","", averageif(N$3:N116,P31,H$3:H116)) | T31: =IF(P31="","",Q31/SUM($G$3:$G116)) | V31: =if(L31="","", left(L31, find(" x ",L31)-1)) | W31: =if(L31="","", TRIM(mid(L31,find(" x ",L31)+3,20)))
B32: =IF(B31<$A$1,B31+1,if($A$1="",B31+1,"")) | C32: =IF(G31<>0,C31+G31,) | D32: =if(C32="",,D31*(1+J31)) | E32: =IF(C32="",,IF(B32="",,C32*J32)) | F32: =if(D32="",,D32*J32) | H32: =IF(G32="",,G32/C32) | I32: =if(G32="",,G32-F32) | J32: =if(B32<>"",J31*(1-Diretrizes!C$5),) | Q32: =if(P32="","", sumif(N$3:N117,P32,G$3:G117)) | R32: =if(P32="","", countif(N$3:N117,P32)) | S32: =if(P32="","", averageif(N$3:N117,P32,H$3:H117)) | T32: =IF(P32="","",Q32/SUM($G$3:$G117)) | V32: =if(L32="","", left(L32, find(" x ",L32)-1)) | W32: =if(L32="","", TRIM(mid(L32,find(" x ",L32)+3,20)))
C33: =IF(G32<>0,C32+G32,) | F33: =if(D33="",,D33*J33) | Q33: =if(P33="","", sumif(N$3:N118,P33,G$3:G118)) | R33: =if(P33="","", countif(N$3:N118,P33)) | S33: =if(P33="","", averageif(N$3:N118,P33,H$3:H118)) | T33: =IF(P33="","",Q33/SUM($G$3:$G118)) | V33: =if(L33="","", left(L33, find(" x ",L33)-1)) | W33: =if(L33="","", TRIM(mid(L33,find(" x ",L33)+3,20)))
Q34: =if(P34="","", sumif(N$3:N119,P34,G$3:G119)) | R34: =if(P34="","", countif(N$3:N119,P34)) | S34: =if(P34="","", averageif(N$3:N119,P34,H$3:H119)) | T34: =IF(P34="","",Q34/SUM($G$3:$G119)) | V34: =if(L34="","", left(L34, find(" x ",L34)-1)) | W34: =if(L34="","", TRIM(mid(L34,find(" x ",L34)+3,20)))
Q35: =if(P35="","", sumif(N$3:N120,P35,G$3:G120)) | R35: =if(P35="","", countif(N$3:N120,P35)) | S35: =if(P35="","", averageif(N$3:N120,P35,H$3:H120)) | T35: =IF(P35="","",Q35/SUM($G$3:$G120)) | V35: =if(L35="","", left(L35, find(" x ",L35)-1)) | W35: =if(L35="","", TRIM(mid(L35,find(" x ",L35)+3,20)))
Q36: =if(P36="","", sumif(N$3:N121,P36,G$3:G121)) | R36: =if(P36="","", countif(N$3:N121,P36)) | S36: =if(P36="","", averageif(N$3:N121,P36,H$3:H121)) | T36: =IF(P36="","",Q36/SUM($G$3:$G121)) | V36: =if(L36="","", left(L36, find(" x ",L36)-1)) | W36: =if(L36="","", TRIM(mid(L36,find(" x ",L36)+3,20)))
T37: =IF(P37="","",Q37/SUM($G$3:$G122)) | V37: =if(L37="","", left(L37, find(" x ",L37)-1)) | W37: =if(L37="","", TRIM(mid(L37,find(" x ",L37)+3,20)))
P38: Desempenho por Clube | V38: =if(L38="","", left(L38, find(" x ",L38)-1)) | W38: =if(L38="","", TRIM(mid(L38,find(" x ",L38)+3,20)))
P39: Clube | Q39: Valor | R39: Qt | S39: %Médio | T39: %Total | V39: =if(L39="","", left(L39, find(" x ",L39)-1)) | W39: =if(L39="","", TRIM(mid(L39,find(" x ",L39)+3,20)))
P40: {=sort(UNIQUE({V3:V112;W3:W112}))} | V40: =if(L40="","", left(L40, find(" x ",L40)-1)) | W40: =if(L40="","", TRIM(mid(L40,find(" x ",L40)+3,20)))
Q41: =if(P41="","", sumif(V$3:V112,P41,G$3:G112)+sumif(W$3:W112,P41,G$3:G112)) | R41: =if(P41="","", countif(V$3:W112,P41)) | S41: =if(P41="","", iferror(averageif(V$3:V112,P41,H$3:H112),0)+iferror(averageif(W$3:W112,P41,H$3:H112),0)) | T41: =if(P41="","",Q41/sum($G$3:$G112)) | V41: =if(L41="","", left(L41, find(" x ",L41)-1)) | W41: =if(L41="","", TRIM(mid(L41,find(" x ",L41)+3,20)))
Q42: =if(P42="","", sumif(V$3:V113,P42,G$3:G113)+sumif(W$3:W113,P42,G$3:G113)) | R42: =if(P42="","", countif(V$3:W113,P42)) | S42: =if(P42="","", iferror(averageif(V$3:V113,P42,H$3:H113),0)+iferror(averageif(W$3:W113,P42,H$3:H113),0)) | T42: =if(P42="","",Q42/sum($G$3:$G113)) | V42: =if(L42="","", left(L42, find(" x ",L42)-1)) | W42: =if(L42="","", TRIM(mid(L42,find(" x ",L42)+3,20)))
Q43: =if(P43="","", sumif(V$3:V114,P43,G$3:G114)+sumif(W$3:W114,P43,G$3:G114)) | R43: =if(P43="","", countif(V$3:W114,P43)) | S43: =if(P43="","", iferror(averageif(V$3:V114,P43,H$3:H114),0)+iferror(averageif(W$3:W114,P43,H$3:H114),0)) | T43: =if(P43="","",Q43/sum($G$3:$G114)) | V43: =if(L43="","", left(L43, find(" x ",L43)-1)) | W43: =if(L43="","", TRIM(mid(L43,find(" x ",L43)+3,20)))
Q44: =if(P44="","", sumif(V$3:V115,P44,G$3:G115)+sumif(W$3:W115,P44,G$3:G115)) | R44: =if(P44="","", countif(V$3:W115,P44)) | S44: =if(P44="","", iferror(averageif(V$3:V115,P44,H$3:H115),0)+iferror(averageif(W$3:W115,P44,H$3:H115),0)) | T44: =if(P44="","",Q44/sum($G$3:$G115)) | V44: =if(L44="","", left(L44, find(" x ",L44)-1)) | W44: =if(L44="","", TRIM(mid(L44,find(" x ",L44)+3,20)))
Q45: =if(P45="","", sumif(V$3:V116,P45,G$3:G116)+sumif(W$3:W116,P45,G$3:G116)) | R45: =if(P45="","", countif(V$3:W116,P45)) | S45: =if(P45="","", iferror(averageif(V$3:V116,P45,H$3:H116),0)+iferror(averageif(W$3:W116,P45,H$3:H116),0)) | T45: =if(P45="","",Q45/sum($G$3:$G116)) | V45: =if(L45="","", left(L45, find(" x ",L45)-1)) | W45: =if(L45="","", TRIM(mid(L45,find(" x ",L45)+3,20)))
Q46: =if(P46="","", sumif(V$3:V117,P46,G$3:G117)+sumif(W$3:W117,P46,G$3:G117)) | R46: =if(P46="","", countif(V$3:W117,P46)) | S46: =if(P46="","", iferror(averageif(V$3:V117,P46,H$3:H117),0)+iferror(averageif(W$3:W117,P46,H$3:H117),0)) | T46: =if(P46="","",Q46/sum($G$3:$G117)) | V46: =if(L46="","", left(L46, find(" x ",L46)-1)) | W46: =if(L46="","", TRIM(mid(L46,find(" x ",L46)+3,20)))
Q47: =if(P47="","", sumif(V$3:V118,P47,G$3:G118)+sumif(W$3:W118,P47,G$3:G118)) | R47: =if(P47="","", countif(V$3:W118,P47)) | S47: =if(P47="","", iferror(averageif(V$3:V118,P47,H$3:H118),0)+iferror(averageif(W$3:W118,P47,H$3:H118),0)) | T47: =if(P47="","",Q47/sum($G$3:$G118)) | V47: =if(L47="","", left(L47, find(" x ",L47)-1)) | W47: =if(L47="","", TRIM(mid(L47,find(" x ",L47)+3,20)))
Q48: =if(P48="","", sumif(V$3:V119,P48,G$3:G119)+sumif(W$3:W119,P48,G$3:G119)) | R48: =if(P48="","", countif(V$3:W119,P48)) | S48: =if(P48="","", iferror(averageif(V$3:V119,P48,H$3:H119),0)+iferror(averageif(W$3:W119,P48,H$3:H119),0)) | T48: =if(P48="","",Q48/sum($G$3:$G119)) | V48: =if(L48="","", left(L48, find(" x ",L48)-1)) | W48: =if(L48="","", TRIM(mid(L48,find(" x ",L48)+3,20)))
Q49: =if(P49="","", sumif(V$3:V120,P49,G$3:G120)+sumif(W$3:W120,P49,G$3:G120)) | R49: =if(P49="","", countif(V$3:W120,P49)) | S49: =if(P49="","", iferror(averageif(V$3:V120,P49,H$3:H120),0)+iferror(averageif(W$3:W120,P49,H$3:H120),0)) | T49: =if(P49="","",Q49/sum($G$3:$G120)) | V49: =if(L49="","", left(L49, find(" x ",L49)-1)) | W49: =if(L49="","", TRIM(mid(L49,find(" x ",L49)+3,20)))
Q50: =if(P50="","", sumif(V$3:V121,P50,G$3:G121)+sumif(W$3:W121,P50,G$3:G121)) | R50: =if(P50="","", countif(V$3:W121,P50)) | S50: =if(P50="","", iferror(averageif(V$3:V121,P50,H$3:H121),0)+iferror(averageif(W$3:W121,P50,H$3:H121),0)) | T50: =if(P50="","",Q50/sum($G$3:$G121)) | V50: =if(L50="","", left(L50, find(" x ",L50)-1)) | W50: =if(L50="","", TRIM(mid(L50,find(" x ",L50)+3,20)))
Q51: =if(P51="","", sumif(V$3:V122,P51,G$3:G122)+sumif(W$3:W122,P51,G$3:G122)) | R51: =if(P51="","", countif(V$3:W122,P51)) | S51: =if(P51="","", iferror(averageif(V$3:V122,P51,H$3:H122),0)+iferror(averageif(W$3:W122,P51,H$3:H122),0)) | T51: =if(P51="","",Q51/sum($G$3:$G122)) | V51: =if(L51="","", left(L51, find(" x ",L51)-1)) | W51: =if(L51="","", TRIM(mid(L51,find(" x ",L51)+3,20)))
Q52: =if(P52="","", sumif(V$3:V123,P52,G$3:G123)+sumif(W$3:W123,P52,G$3:G123)) | R52: =if(P52="","", countif(V$3:W123,P52)) | S52: =if(P52="","", iferror(averageif(V$3:V123,P52,H$3:H123),0)+iferror(averageif(W$3:W123,P52,H$3:H123),0)) | T52: =if(P52="","",Q52/sum($G$3:$G123)) | V52: =if(L52="","", left(L52, find(" x ",L52)-1)) | W52: =if(L52="","", TRIM(mid(L52,find(" x ",L52)+3,20)))
... Q58: =if(P58="","", sumif(V$3:V129,P58,G$3:G129)+sumif(W$3:W129,P58,G$3:G129)) | R58: =if(P58="","", countif(V$3:W129,P58)) | S58: =if(P58="","", iferror(averageif(V$3:V129,P58,H$3:H129),0)+iferror(averageif(W$3:W129,P58,H$3:H129),0)) | T58: =if(P58="","",Q58/sum($G$3:$G129)) | V58: =if(L58="","", left(L58, find(" x ",L58)-1)) | W58: =if(L58="","", TRIM(mid(L58,find(" x ",L58)+3,20)))
Q59: =if(P59="","", sumif(V$3:W112,P59,G$3:G112)) | R59: =if(P59="","", countif(V$3:W130,P59)) | S59: =if(P59="","", iferror(averageif(V$3:V130,P59,H$3:H130),0)+iferror(averageif(W$3:W130,P59,H$3:H130),0)) | T59: =if(P59="","",Q59/sum($G$3:$G130)) | V59: =if(L59="","", left(L59, find(" x ",L59)-1)) | W59: =if(L59="","", TRIM(mid(L59,find(" x ",L59)+3,20)))
Q60: =if(P60="","", sumif(V$3:W113,P60,G$3:G113)) | R60: =if(P60="","", countif(V$3:W131,P60)) | S60: =if(P60="","", iferror(averageif(V$3:V131,P60,H$3:H131),0)+iferror(averageif(W$3:W131,P60,H$3:H131),0)) | T60: =if(P60="","",Q60/sum($G$3:$G131)) | V60: =if(L60="","", left(L60, find(" x ",L60)-1)) | W60: =if(L60="","", TRIM(mid(L60,find(" x ",L60)+3,20)))
Q61: =if(P61="","", sumif(V$3:W114,P61,G$3:G114)) | R61: =if(P61="","", countif(V$3:W132,P61)) | S61: =if(P61="","", iferror(averageif(V$3:V132,P61,H$3:H132),0)+iferror(averageif(W$3:W132,P61,H$3:H132),0)) | T61: =if(P61="","",Q61/sum($G$3:$G132)) | V61: =if(L61="","", left(L61, find(" x ",L61)-1)) | W61: =if(L61="","", TRIM(mid(L61,find(" x ",L61)+3,20)))
Q62: =if(P62="","", sumif(V$3:W115,P62,G$3:G115)) | R62: =if(P62="","", countif(V$3:W133,P62)) | S62: =if(P62="","", iferror(averageif(V$3:V133,P62,H$3:H133),0)+iferror(averageif(W$3:W133,P62,H$3:H133),0)) | T62: =if(P62="","",Q62/sum($G$3:$G133)) | V62: =if(L62="","", left(L62, find(" x ",L62)-1)) | W62: =if(L62="","", TRIM(mid(L62,find(" x ",L62)+3,20)))
Q63: =if(P63="","", sumif(V$3:W116,P63,G$3:G116)) | R63: =if(P63="","", countif(V$3:W134,P63)) | S63: =if(P63="","", iferror(averageif(V$3:V134,P63,H$3:H134),0)+iferror(averageif(W$3:W134,P63,H$3:H134),0)) | T63: =if(P63="","",Q63/sum($G$3:$G134)) | V63: =if(L63="","", left(L63, find(" x ",L63)-1)) | W63: =if(L63="","", TRIM(mid(L63,find(" x ",L63)+3,20)))
Q64: =if(P64="","", sumif(V$3:W117,P64,G$3:G117)) | R64: =if(P64="","", countif(V$3:W135,P64)) | S64: =if(P64="","", iferror(averageif(V$3:V135,P64,H$3:H135),0)+iferror(averageif(W$3:W135,P64,H$3:H135),0)) | T64: =if(P64="","",Q64/sum($G$3:$G135)) | V64: =if(L64="","", left(L64, find(" x ",L64)-1)) | W64: =if(L64="","", TRIM(mid(L64,find(" x ",L64)+3,20)))
Q65: =if(P65="","", sumif(V$3:W118,P65,G$3:G118)) | R65: =if(P65="","", countif(V$3:W136,P65)) | S65: =if(P65="","", iferror(averageif(V$3:V136,P65,H$3:H136),0)+iferror(averageif(W$3:W136,P65,H$3:H136),0)) | T65: =if(P65="","",Q65/sum($G$3:$G136)) | V65: =if(L65="","", left(L65, find(" x ",L65)-1)) | W65: =if(L65="","", TRIM(mid(L65,find(" x ",L65)+3,20)))
Q66: =if(P66="","", sumif(V$3:W119,P66,G$3:G119)) | R66: =if(P66="","", countif(V$3:W137,P66)) | S66: =if(P66="","", iferror(averageif(V$3:V137,P66,H$3:H137),0)+iferror(averageif(W$3:W137,P66,H$3:H137),0)) | T66: =if(P66="","",Q66/sum($G$3:$G137)) | V66: =if(L66="","", left(L66, find(" x ",L66)-1)) | W66: =if(L66="","", TRIM(mid(L66,find(" x ",L66)+3,20)))
Q67: =if(P67="","", sumif(V$3:W120,P67,G$3:G120)) | R67: =if(P67="","", countif(V$3:W138,P67)) | S67: =if(P67="","", iferror(averageif(V$3:V138,P67,H$3:H138),0)+iferror(averageif(W$3:W138,P67,H$3:H138),0)) | T67: =if(P67="","",Q67/sum($G$3:$G138)) | V67: =if(L67="","", left(L67, find(" x ",L67)-1)) | W67: =if(L67="","", TRIM(mid(L67,find(" x ",L67)+3,20)))
Q68: =if(P68="","", sumif(V$3:W121,P68,G$3:G121)) | R68: =if(P68="","", countif(V$3:W139,P68)) | S68: =if(P68="","", iferror(averageif(V$3:V139,P68,H$3:H139),0)+iferror(averageif(W$3:W139,P68,H$3:H139),0)) | T68: =if(P68="","",Q68/sum($G$3:$G139)) | V68: =if(L68="","", left(L68, find(" x ",L68)-1)) | W68: =if(L68="","", TRIM(mid(L68,find(" x ",L68)+3,20)))
Q69: =if(P69="","", sumif(V$3:W122,P69,G$3:G122)) | R69: =if(P69="","", countif(V$3:W140,P69)) | S69: =if(P69="","", iferror(averageif(V$3:V140,P69,H$3:H140),0)+iferror(averageif(W$3:W140,P69,H$3:H140),0)) | T69: =if(P69="","",Q69/sum($G$3:$G140)) | V69: =if(L69="","", left(L69, find(" x ",L69)-1)) | W69: =if(L69="","", TRIM(mid(L69,find(" x ",L69)+3,20)))
Q70: =if(P70="","", sumif(V$3:W123,P70,G$3:G123)) | R70: =if(P70="","", countif(V$3:W141,P70)) | S70: =if(P70="","", iferror(averageif(V$3:V141,P70,H$3:H141),0)+iferror(averageif(W$3:W141,P70,H$3:H141),0)) | T70: =if(P70="","",Q70/sum($G$3:$G141)) | V70: =if(L70="","", left(L70, find(" x ",L70)-1)) | W70: =if(L70="","", TRIM(mid(L70,find(" x ",L70)+3,20)))
Q71: =if(P71="","", sumif(V$3:W124,P71,G$3:G124)) | R71: =if(P71="","", countif(V$3:W142,P71)) | S71: =if(P71="","", iferror(averageif(V$3:V142,P71,H$3:H142),0)+iferror(averageif(W$3:W142,P71,H$3:H142),0)) | T71: =if(P71="","",Q71/sum($G$3:$G142)) | V71: =if(L71="","", left(L71, find(" x ",L71)-1)) | W71: =if(L71="","", TRIM(mid(L71,find(" x ",L71)+3,20)))
Q72: =if(P72="","", sumif(V$3:W125,P72,G$3:G125)) | R72: =if(P72="","", countif(V$3:W143,P72)) | S72: =if(P72="","", iferror(averageif(V$3:V143,P72,H$3:H143),0)+iferror(averageif(W$3:W143,P72,H$3:H143),0)) | T72: =if(P72="","",Q72/sum($G$3:$G143)) | V72: =if(L72="","", left(L72, find(" x ",L72)-1))
Q73: =if(P73="","", sumif(V$3:W126,P73,G$3:G126)) | R73: =if(P73="","", countif(V$3:W144,P73)) | S73: =if(P73="","", iferror(averageif(V$3:V144,P73,H$3:H144),0)+iferror(averageif(W$3:W144,P73,H$3:H144),0)) | T73: =if(P73="","",Q73/sum($G$3:$G144)) | V73: =if(L73="","", left(L73, find(" x ",L73)-1))
Q74: =if(P74="","", sumif(V$3:W127,P74,G$3:G127)) | R74: =if(P74="","", countif(V$3:W145,P74)) | S74: =if(P74="","", iferror(averageif(V$3:V145,P74,H$3:H145),0)+iferror(averageif(W$3:W145,P74,H$3:H145),0)) | T74: =if(P74="","",Q74/sum($G$3:$G145)) | V74: =if(L74="","", left(L74, find(" x ",L74)-1))
Q75: =if(P75="","", sumif(V$3:W128,P75,G$3:G128)) | R75: =if(P75="","", countif(V$3:W146,P75)) | S75: =if(P75="","", iferror(averageif(V$3:V146,P75,H$3:H146),0)+iferror(averageif(W$3:W146,P75,H$3:H146),0)) | T75: =if(P75="","",Q75/sum($G$3:$G146)) | V75: =if(L75="","", left(L75, find(" x ",L75)-1))
Q76: =if(P76="","", sumif(V$3:W129,P76,G$3:G129)) | R76: =if(P76="","", countif(V$3:W147,P76)) | S76: =if(P76="","", iferror(averageif(V$3:V147,P76,H$3:H147),0)+iferror(averageif(W$3:W147,P76,H$3:H147),0)) | T76: =if(P76="","",Q76/sum($G$3:$G147)) | V76: =if(L76="","", left(L76, find(" x ",L76)-1))
Q77: =if(P77="","", sumif(V$3:W130,P77,G$3:G130)) | R77: =if(P77="","", countif(V$3:W148,P77)) | S77: =if(P77="","", iferror(averageif(V$3:V148,P77,H$3:H148),0)+iferror(averageif(W$3:W148,P77,H$3:H148),0)) | T77: =if(P77="","",Q77/sum($G$3:$G148)) | V77: =if(L77="","", left(L77, find(" x ",L77)-1))
Q78: =if(P78="","", sumif(V$3:W131,P78,G$3:G131)) | R78: =if(P78="","", countif(V$3:W149,P78)) | S78: =if(P78="","", iferror(averageif(V$3:V149,P78,H$3:H149),0)+iferror(averageif(W$3:W149,P78,H$3:H149),0)) | T78: =if(P78="","",Q78/sum($G$3:$G149)) | V78: =if(L78="","", left(L78, find(" x ",L78)-1))
Q79: =if(P79="","", sumif(V$3:W132,P79,G$3:G132)) | R79: =if(P79="","", countif(V$3:W150,P79)) | S79: =if(P79="","", iferror(averageif(V$3:V150,P79,H$3:H150),0)+iferror(averageif(W$3:W150,P79,H$3:H150),0)) | T79: =if(P79="","",Q79/sum($G$3:$G150)) | V79: =if(L79="","", left(L79, find(" x ",L79)-1))
Q80: =if(P80="","", sumif(V$3:W133,P80,G$3:G133)) | R80: =if(P80="","", countif(V$3:W151,P80)) | S80: =if(P80="","", iferror(averageif(V$3:V151,P80,H$3:H151),0)+iferror(averageif(W$3:W151,P80,H$3:H151),0)) | T80: =if(P80="","",Q80/sum($G$3:$G151)) | V80: =if(L80="","", left(L80, find(" x ",L80)-1))
Q81: =if(P81="","", sumif(V$3:W134,P81,G$3:G134)) | R81: =if(P81="","", countif(V$3:W152,P81)) | S81: =if(P81="","", iferror(averageif(V$3:V152,P81,H$3:H152),0)+iferror(averageif(W$3:W152,P81,H$3:H152),0)) | T81: =if(P81="","",Q81/sum($G$3:$G152)) | V81: =if(L81="","", left(L81, find(" x ",L81)-1))
Q82: =if(P82="","", sumif(V$3:W135,P82,G$3:G135)) | R82: =if(P82="","", countif(V$3:W153,P82)) | S82: =if(P82="","", iferror(averageif(V$3:V153,P82,H$3:H153),0)+iferror(averageif(W$3:W153,P82,H$3:H153),0)) | T82: =if(P82="","",Q82/sum($G$3:$G153)) | V82: =if(L82="","", left(L82, find(" x ",L82)-1))
Q83: =if(P83="","", sumif(V$3:W136,P83,G$3:G136)) | R83: =if(P83="","", countif(V$3:W154,P83)) | S83: =if(P83="","", iferror(averageif(V$3:V154,P83,H$3:H154),0)+iferror(averageif(W$3:W154,P83,H$3:H154),0)) | T83: =if(P83="","",Q83/sum($G$3:$G154)) | V83: =if(L83="","", left(L83, find(" x ",L83)-1))
... Q109: =if(P109="","", sumif(V$3:W162,P109,G$3:G162)) | R109: =if(P109="","", countif(V$3:W180,P109)) | S109: =if(P109="","", iferror(averageif(V$3:V180,P109,H$3:H180),0)+iferror(averageif(W$3:W180,P109,H$3:H180),0)) | T109: =if(P109="","",Q109/sum($G$3:$G180)) | V109: =if(L109="","", left(L109, find(" x ",L109)-1))
Q110: =if(P110="","", sumif(V$3:W163,P110,G$3:G163)) | R110: =if(P110="","", countif(V$3:W181,P110)) | S110: =if(P110="","", iferror(averageif(V$3:V181,P110,H$3:H181),0)+iferror(averageif(W$3:W181,P110,H$3:H181),0)) | T110: =if(P110="","",Q110/sum($G$3:$G181))
Q111: =if(P111="","", sumif(V$3:W164,P111,G$3:G164)) | R111: =if(P111="","", countif(V$3:W182,P111)) | S111: =if(P111="","", iferror(averageif(V$3:V182,P111,H$3:H182),0)+iferror(averageif(W$3:W182,P111,H$3:H182),0)) | T111: =if(P111="","",Q111/sum($G$3:$G182))
Q112: =if(P112="","", sumif(V$3:W165,P112,G$3:G165)) | R112: =if(P112="","", countif(V$3:W183,P112)) | S112: =if(P112="","", iferror(averageif(V$3:V183,P112,H$3:H183),0)+iferror(averageif(W$3:W183,P112,H$3:H183),0)) | T112: =if(P112="","",Q112/sum($G$3:$G183))

Sheet Ciclo 2
A1: =IF(Diretrizes!J3<2,"",Diretrizes!J3) -> 12 | C1: Banca | D1: Banca | E1: Obj/Banca | F1: Obj./Banca
B2: Jogo | C2: Trabalho | D2: Teórica | E2: Trabalho | F2: Teórica | G2: Lucro | H2: %S.B. Trab | I2: Resíduo | J2: Objetivo | L2: Jogo | M2: Estratégia | N2: Campeonato | P2: Início
B3: 1 | C3: =Diretrizes!D3 -> 100 | D3: =C3 -> 100 | E3: =IF(C3="",,IF(B3="",,C3*J3)) -> 4 | F3: =if(D3="",,D3*J3) -> 4 | H3: =IF(G3=0,,G3/C3) | I3: =if(G3="",,G3-F3) | J3: =Diretrizes!D4 -> 0.04 | P3: Fim | V3: =if(L3="","", left(L3, find(" x ",L3)-1)) | W3: =if(L3="","", TRIM(mid(L3,find(" x ",L3)+3,20)))
B4: =IF(B3<$A$1,B3+1,if($A$1="",B3+1,"")) -> 2 | C4: =IF(G3<>0,C3+G3,) | D4: =if(C4="",,D3*(1+J3)) | E4: =IF(C4="",,IF(B4="",,C4*J4)) | F4: =if(D4="",,D4*J4) | H4: =IF(G4=0,,G4/C4) | I4: =if(G4="",,G4-F4) | J4: =if(B4<>"",J3*(1-Diretrizes!D$5),) -> 0.04 | K4: =IF(AND(D4>$Q$9,D3<$Q$9),"OK","NOK") -> NOK | V4: =if(L4="","", left(L4, find(" x ",L4)-1)) | W4: =if(L4="","", TRIM(mid(L4,find(" x ",L4)+3,20)))
B5: =IF(B4<$A$1,B4+1,if($A$1="",B4+1,"")) -> 3 | C5: =IF(G4<>0,C4+G4,) | D5: =if(C5="",,D4*(1+J4)) | E5: =IF(C5="",,IF(B5="",,C5*J5)) | F5: =if(D5="",,D5*J5) | H5: =IF(G5=0,,G5/C5) | I5: =if(G5="",,G5-F5) | J5: =if(B5<>"",J4*(1-Diretrizes!D$5),) -> 0.04 | K5: =IF(AND(D5>$Q$9,D4<$Q$9),"OK","NOK") -> NOK | P5: Banca Inicial | Q5: =Diretrizes!D3 -> 100 | S5: Resíduo | T5: =SUM(I3:I32) -> 0 | V5: =if(L5="","", left(L5, find(" x ",L5)-1)) | W5: =if(L5="","", TRIM(mid(L5,find(" x ",L5)+3,20)))
B6: =IF(B5<$A$1,B5+1,if($A$1="",B5+1,"")) -> 4 | C6: =IF(G5<>0,C5+G5,) | D6: =if(C6="",,D5*(1+J5)) | E6: =IF(C6="",,IF(B6="",,C6*J6)) | F6: =if(D6="",,D6*J6) | H6: =IF(G6=0,,G6/C6) | I6: =if(G6="",,G6-F6) | J6: =if(B6<>"",J5*(1-Diretrizes!D$5),) -> 0.04 | K6: =IF(AND(D6>$Q$9,D5<$Q$9),"OK","NOK") -> NOK | P6: Banca Atual | Q6: =Q7+C3 -> 100 | V6: =if(L6="","", left(L6, find(" x ",L6)-1)) | W6: =if(L6="","", TRIM(mid(L6,find(" x ",L6)+3,20)))
B7: =IF(B6<$A$1,B6+1,if($A$1="",B6+1,"")) -> 5 | C7: =IF(G6<>0,C6+G6,) | D7: =if(C7="",,D6*(1+J6)) | E7: =IF(C7="",,IF(B7="",,C7*J7)) | F7: =if(D7="",,D7*J7) | H7: =IF(G7=0,,G7/C7) | I7: =if(G7="",,G7-F7) | J7: =if(B7<>"",J6*(1-Diretrizes!D$5),) -> 0.04 | K7: =IF(AND(D7>$Q$9,D6<$Q$9),"OK","NOK") -> NOK | P7: Lucro do ciclo | Q7: =SUM(G3:G32) -> 0 | S7: Saque | T7: =IF(G3="",,MAX(0,Q6-'Ciclo 3'!Q5)) | V7: =if(L7="","", left(L7, find(" x ",L7)-1)) | W7: =if(L7="","", TRIM(mid(L7,find(" x ",L7)+3,20)))
B8: =IF(B7<$A$1,B7+1,if($A$1="",B7+1,"")) -> 6 | C8: =IF(G7<>0,C7+G7,) | D8: =if(C8="",,D7*(1+J7)) | E8: =IF(C8="",,IF(B8="",,C8*J8)) | F8: =if(D8="",,D8*J8) | H8: =IF(G8=0,,G8/C8) | I8: =if(G8="",,G8-F8) | J8: =if(B8<>"",J7*(1-Diretrizes!D$5),) -> 0.04 | K8: =IF(AND(D8>$Q$9,D7<$Q$9),"OK","NOK") -> NOK | P8: Lucro % | Q8: =Q6/C3-1 -> 0 | V8: =if(L8="","", left(L8, find(" x ",L8)-1)) | W8: =if(L8="","", TRIM(mid(L8,find(" x ",L8)+3,20)))
B9: =IF(B8<$A$1,B8+1,if($A$1="",B8+1,"")) -> 7 | C9: =IF(G8<>0,C8+G8,) | D9: =if(C9="",,D8*(1+J8)) | E9: =IF(C9="",,IF(B9="",,C9*J9)) | F9: =if(D9="",,D9*J9) | H9: =IF(G9=0,,G9/C9) | I9: =if(G9="",,G9-F9) | J9: =if(B9<>"",J8*(1-Diretrizes!D$5),) -> 0.04 | K9: =IF(AND(D9>$Q$9,D8<$Q$9),"OK","NOK") -> NOK | V9: =if(L9="","", left(L9, find(" x ",L9)-1)) | W9: =if(L9="","", TRIM(mid(L9,find(" x ",L9)+3,20)))
B10: =IF(B9<$A$1,B9+1,if($A$1="",B9+1,"")) -> 8 | C10: =IF(G9<>0,C9+G9,) | D10: =if(C10="",,D9*(1+J9)) | E10: =IF(C10="",,IF(B10="",,C10*J10)) | F10: =if(D10="",,D10*J10) | H10: =IF(G10=0,,G10/C10) | I10: =if(G10="",,G10-F10) | J10: =if(B10<>"",J9*(1-Diretrizes!D$5),) -> 0.04 | K10: =IF(AND(D10>$Q$9,D9<$Q$9),"OK","NOK") -> NOK | P10: Parar com | Q10: =Diretrizes!D7 -> 150 | V10: =if(L10="","", left(L10, find(" x ",L10)-1)) | W10: =if(L10="","", TRIM(mid(L10,find(" x ",L10)+3,20)))
B11: =IF(B10<$A$1,B10+1,if($A$1="",B10+1,"")) -> 9 | C11: =IF(G10<>0,C10+G10,) | D11: =if(C11="",,D10*(1+J10)) | E11: =IF(C11="",,IF(B11="",,C11*J11)) | F11: =if(D11="",,D11*J11) | H11: =IF(G11=0,,G11/C11) | I11: =if(G11="",,G11-F11) | J11: =if(B11<>"",J10*(1-Diretrizes!D$5),) -> 0.04 | K11: =IF(AND(D11>$Q$9,D10<$Q$9),"OK","NOK") -> NOK | V11: =if(L11="","", left(L11, find(" x ",L11)-1)) | W11: =if(L11="","", TRIM(mid(L11,find(" x ",L11)+3,20)))
B12: =IF(B11<$A$1,B11+1,if($A$1="",B11+1,"")) -> 10 | C12: =IF(G11<>0,C11+G11,) | D12: =if(C12="",,D11*(1+J11)) | E12: =IF(C12="",,IF(B12="",,C12*J12)) | F12: =if(D12="",,D12*J12) | H12: =IF(G12=0,,G12/C12) | I12: =if(G12="",,G12-F12) | J12: =if(B12<>"",J11*(1-Diretrizes!D$5),) -> 0.04 | K12: =IF(AND(D12>$Q$9,D11<$Q$9),"OK","NOK") -> NOK | P12: Desempenho por Estratégia | V12: =if(L12="","", left(L12, find(" x ",L12)-1)) | W12: =if(L12="","", TRIM(mid(L12,find(" x ",L12)+3,20)))
B13: =IF(B12<$A$1,B12+1,if($A$1="",B12+1,"")) -> 11 | C13: =IF(G12<>0,C12+G12,) | D13: =if(C13="",,D12*(1+J12)) | E13: =IF(C13="",,IF(B13="",,C13*J13)) | F13: =if(D13="",,D13*J13) | H13: =IF(G13=0,,G13/C13) | I13: =if(G13="",,G13-F13) | J13: =if(B13<>"",J12*(1-Diretrizes!D$5),) -> 0.04 | P13: Estratégia | Q13: Valor | R13: Qt | S13: %Médio | T13: %Total | V13: =if(L13="","", left(L13, find(" x ",L13)-1)) | W13: =if(L13="","", TRIM(mid(L13,find(" x ",L13)+3,20)))
B14: =IF(B13<$A$1,B13+1,if($A$1="",B13+1,"")) -> 12 | C14: =IF(G13<>0,C13+G13,) | D14: =if(C14="",,D13*(1+J13)) | E14: =IF(C14="",,IF(B14="",,C14*J14)) | F14: =if(D14="",,D14*J14) | H14: =IF(G14=0,,G14/C14) | I14: =if(G14="",,G14-F14) | J14: =if(B14<>"",J13*(1-Diretrizes!D$5),) -> 0.04 | P14: {=sort(unique(M3:M120))} | Q14: =if(P14="","", sumif(M$3:M120,P14,G$3:G120)) | R14: =if(P14="","", countif(M$3:M120,P14)) | S14: =if(P14="","", averageif(M$3:M120,P14,H$3:H120)) | T14: =if(P14="","",Q14/sum($G$3:$G120)) | V14: =if(L14="","", left(L14, find(" x ",L14)-1)) | W14: =if(L14="","", TRIM(mid(L14,find(" x ",L14)+3,20)))
B15: =IF(B14<$A$1,B14+1,if($A$1="",B14+1,"")) | C15: =IF(G14<>0,C14+G14,) | D15: =if(C15="",,D14*(1+J14)) | E15: =IF(C15="",,IF(B15="",,C15*J15)) | F15: =if(D15="",,D15*J15) | H15: =IF(G15=0,,G15/C15) | I15: =if(G15="",,G15-F15) | J15: =if(B15<>"",J14*(1-Diretrizes!D$5),) | Q15: =if(P15="","", sumif(M$3:M121,P15,G$3:G121)) | R15: =if(P15="","", countif(M$3:M121,P15)) | S15: =if(P15="","", averageif(M$3:M121,P15,H$3:H121)) | T15: =if(P15="","",Q15/sum($G$3:$G121)) | V15: =if(L15="","", left(L15, find(" x ",L15)-1)) | W15: =if(L15="","", TRIM(mid(L15,find(" x ",L15)+3,20)))
B16: =IF(B15<$A$1,B15+1,if($A$1="",B15+1,"")) | C16: =IF(G15<>0,C15+G15,) | D16: =if(C16="",,D15*(1+J15)) | E16: =IF(C16="",,IF(B16="",,C16*J16)) | F16: =if(D16="",,D16*J16) | H16: =IF(G16=0,,G16/C16) | I16: =if(G16="",,G16-F16) | J16: =if(B16<>"",J15*(1-Diretrizes!D$5),) | Q16: =if(P16="","", sumif(M$3:M122,P16,G$3:G122)) | R16: =if(P16="","", countif(M$3:M122,P16)) | S16: =if(P16="","", averageif(M$3:M122,P16,H$3:H122)) | T16: =if(P16="","",Q16/sum($G$3:$G122)) | V16: =if(L16="","", left(L16, find(" x ",L16)-1)) | W16: =if(L16="","", TRIM(mid(L16,find(" x ",L16)+3,20)))
B17: =IF(B16<$A$1,B16+1,if($A$1="",B16+1,"")) | C17: =IF(G16<>0,C16+G16,) | D17: =if(C17="",,D16*(1+J16)) | E17: =IF(C17="",,IF(B17="",,C17*J17)) | F17: =if(D17="",,D17*J17) | H17: =IF(G17=0,,G17/C17) | I17: =if(G17="",,G17-F17) | J17: =if(B17<>"",J16*(1-Diretrizes!D$5),) | Q17: =if(P17="","", sumif(M$3:M123,P17,G$3:G123)) | R17: =if(P17="","", countif(M$3:M123,P17)) | S17: =if(P17="","", averageif(M$3:M123,P17,H$3:H123)) | T17: =if(P17="","",Q17/sum($G$3:$G123)) | V17: =if(L17="","", left(L17, find(" x ",L17)-1)) | W17: =if(L17="","", TRIM(mid(L17,find(" x ",L17)+3,20)))
B18: =IF(B17<$A$1,B17+1,if($A$1="",B17+1,"")) | C18: =IF(G17<>0,C17+G17,) | D18: =if(C18="",,D17*(1+J17)) | E18: =IF(C18="",,IF(B18="",,C18*J18)) | F18: =if(D18="",,D18*J18) | H18: =IF(G18=0,,G18/C18) | I18: =if(G18="",,G18-F18) | J18: =if(B18<>"",J17*(1-Diretrizes!D$5),) | Q18: =if(P18="","", sumif(M$3:M124,P18,G$3:G124)) | R18: =if(P18="","", countif(M$3:M124,P18)) | S18: =if(P18="","", averageif(M$3:M124,P18,H$3:H124)) | T18: =if(P18="","",Q18/sum($G$3:$G124)) | V18: =if(L18="","", left(L18, find(" x ",L18)-1)) | W18: =if(L18="","", TRIM(mid(L18,find(" x ",L18)+3,20)))
B19: =IF(B18<$A$1,B18+1,if($A$1="",B18+1,"")) | C19: =IF(G18<>0,C18+G18,) | D19: =if(C19="",,D18*(1+J18)) | E19: =IF(C19="",,IF(B19="",,C19*J19)) | F19: =if(D19="",,D19*J19) | H19: =IF(G19=0,,G19/C19) | I19: =if(G19="",,G19-F19) | J19: =if(B19<>"",J18*(1-Diretrizes!D$5),) | Q19: =if(P19="","", sumif(M$3:M125,P19,G$3:G125)) | R19: =if(P19="","", countif(M$3:M125,P19)) | S19: =if(P19="","", averageif(M$3:M125,P19,H$3:H125)) | T19: =if(P19="","",Q19/sum($G$3:$G125)) | V19: =if(L19="","", left(L19, find(" x ",L19)-1)) | W19: =if(L19="","", TRIM(mid(L19,find(" x ",L19)+3,20)))
B20: =IF(B19<$A$1,B19+1,if($A$1="",B19+1,"")) | C20: =IF(G19<>0,C19+G19,) | D20: =if(C20="",,D19*(1+J19)) | E20: =IF(C20="",,IF(B20="",,C20*J20)) | F20: =if(D20="",,D20*J20) | H20: =IF(G20=0,,G20/C20) | I20: =if(G20="",,G20-F20) | J20: =if(B20<>"",J19*(1-Diretrizes!D$5),) | Q20: =if(P20="","", sumif(M$3:M126,P20,G$3:G126)) | R20: =if(P20="","", countif(M$3:M126,P20)) | S20: =if(P20="","", averageif(M$3:M126,P20,H$3:H126)) | T20: =if(P20="","",Q20/sum($G$3:$G126)) | V20: =if(L20="","", left(L20, find(" x ",L20)-1)) | W20: =if(L20="","", TRIM(mid(L20,find(" x ",L20)+3,20)))
B21: =IF(B20<$A$1,B20+1,if($A$1="",B20+1,"")) | C21: =IF(G20<>0,C20+G20,) | D21: =if(C21="",,D20*(1+J20)) | E21: =IF(C21="",,IF(B21="",,C21*J21)) | F21: =if(D21="",,D21*J21) | H21: =IF(G21=0,,G21/C21) | I21: =if(G21="",,G21-F21) | J21: =if(B21<>"",J20*(1-Diretrizes!D$5),) | Q21: =if(P21="","", sumif(M$3:M127,P21,G$3:G127)) | R21: =if(P21="","", countif(M$3:M127,P21)) | S21: =if(P21="","", averageif(M$3:M127,P21,H$3:H127)) | T21: =if(P21="","",Q21/sum($G$3:$G127)) | V21: =if(L21="","", left(L21, find(" x ",L21)-1)) | W21: =if(L21="","", TRIM(mid(L21,find(" x ",L21)+3,20)))
B22: =IF(B21<$A$1,B21+1,if($A$1="",B21+1,"")) | C22: =IF(G21<>0,C21+G21,) | D22: =if(C22="",,D21*(1+J21)) | E22: =IF(C22="",,IF(B22="",,C22*J22)) | F22: =if(D22="",,D22*J22) | H22: =IF(G22=0,,G22/C22) | I22: =if(G22="",,G22-F22) | J22: =if(B22<>"",J21*(1-Diretrizes!D$5),) | Q22: =if(P22="","", sumif(M$3:M128,P22,G$3:G128)) | R22: =if(P22="","", countif(M$3:M128,P22)) | S22: =if(P22="","", averageif(M$3:M128,P22,H$3:H128)) | T22: =if(P22="","",Q22/sum($G$3:$G128)) | V22: =if(L22="","", left(L22, find(" x ",L22)-1)) | W22: =if(L22="","", TRIM(mid(L22,find(" x ",L22)+3,20)))
B23: =IF(B22<$A$1,B22+1,if($A$1="",B22+1,"")) | C23: =IF(G22<>0,C22+G22,) | D23: =if(C23="",,D22*(1+J22)) | E23: =IF(C23="",,IF(B23="",,C23*J23)) | F23: =if(D23="",,D23*J23) | H23: =IF(G23=0,,G23/C23) | I23: =if(G23="",,G23-F23) | J23: =if(B23<>"",J22*(1-Diretrizes!D$5),) | Q23: =if(P23="","", sumif(M$3:M129,P23,G$3:G129)) | R23: =if(P23="","", countif(M$3:M129,P23)) | S23: =if(P23="","", averageif(M$3:M129,P23,H$3:H129)) | T23: =if(P23="","",Q23/sum($G$3:$G129)) | V23: =if(L23="","", left(L23, find(" x ",L23)-1)) | W23: =if(L23="","", TRIM(mid(L23,find(" x ",L23)+3,20)))
B24: =IF(B23<$A$1,B23+1,if($A$1="",B23+1,"")) | C24: =IF(G23<>0,C23+G23,) | D24: =if(C24="",,D23*(1+J23)) | E24: =IF(C24="",,IF(B24="",,C24*J24)) | F24: =if(D24="",,D24*J24) | H24: =IF(G24=0,,G24/C24) | I24: =if(G24="",,G24-F24) | J24: =if(B24<>"",J23*(1-Diretrizes!D$5),) | Q24: =if(P24="","", sumif(M$3:M130,P24,G$3:G130)) | R24: =if(P24="","", countif(M$3:M130,P24)) | S24: =if(P24="","", averageif(M$3:M130,P24,H$3:H130)) | T24: =if(P24="","",Q24/sum($G$3:$G130)) | V24: =if(L24="","", left(L24, find(" x ",L24)-1)) | W24: =if(L24="","", TRIM(mid(L24,find(" x ",L24)+3,20)))
B25: =IF(B24<$A$1,B24+1,if($A$1="",B24+1,"")) | C25: =IF(G24<>0,C24+G24,) | D25: =if(C25="",,D24*(1+J24)) | E25: =IF(C25="",,IF(B25="",,C25*J25)) | F25: =if(D25="",,D25*J25) | H25: =IF(G25=0,,G25/C25) | I25: =if(G25="",,G25-F25) | J25: =if(B25<>"",J24*(1-Diretrizes!D$5),) | P25: Desempenho por Campeonato | V25: =if(L25="","", left(L25, find(" x ",L25)-1)) | W25: =if(L25="","", TRIM(mid(L25,find(" x ",L25)+3,20)))
B26: =IF(B25<$A$1,B25+1,if($A$1="",B25+1,"")) | C26: =IF(G25<>0,C25+G25,) | D26: =if(C26="",,D25*(1+J25)) | E26: =IF(C26="",,IF(B26="",,C26*J26)) | F26: =if(D26="",,D26*J26) | H26: =IF(G26=0,,G26/C26) | I26: =if(G26="",,G26-F26) | J26: =if(B26<>"",J25*(1-Diretrizes!D$5),) | P26: Estratégia | Q26: Valor | R26: Qt | S26: %Médio | T26: %Total | V26: =if(L26="","", left(L26, find(" x ",L26)-1)) | W26: =if(L26="","", TRIM(mid(L26,find(" x ",L26)+3,20)))
B27: =IF(B26<$A$1,B26+1,if($A$1="",B26+1,"")) | C27: =IF(G26<>0,C26+G26,) | D27: =if(C27="",,D26*(1+J26)) | E27: =IF(C27="",,IF(B27="",,C27*J27)) | F27: =if(D27="",,D27*J27) | H27: =IF(G27=0,,G27/C27) | I27: =if(G27="",,G27-F27) | J27: =if(B27<>"",J26*(1-Diretrizes!D$5),) | P27: {=sort(unique(N3:N120))} | Q27: =if(P27="","", sumif(N$3:N120,P27,G$3:G120)) | R27: =if(P27="","", countif(N$3:N120,P27)) | S27: =if(P27="","", averageif(N$3:N120,P27,H$3:H120)) | T27: =if(P27="","",Q27/sum($G$3:$G120)) | V27: =if(L27="","", left(L27, find(" x ",L27)-1)) | W27: =if(L27="","", TRIM(mid(L27,find(" x ",L27)+3,20)))
B28: =IF(B27<$A$1,B27+1,if($A$1="",B27+1,"")) | C28: =IF(G27<>0,C27+G27,) | D28: =if(C28="",,D27*(1+J27)) | E28: =IF(C28="",,IF(B28="",,C28*J28)) | F28: =if(D28="",,D28*J28) | H28: =IF(G28=0,,G28/C28) | I28: =if(G28="",,G28-F28) | J28: =if(B28<>"",J27*(1-Diretrizes!D$5),) | Q28: =if(P28="","", sumif(N$3:N121,P28,G$3:G121)) | R28: =if(P28="","", countif(N$3:N121,P28)) | S28: =if(P28="","", averageif(N$3:N121,P28,H$3:H121)) | T28: =if(P28="","",Q28/sum($G$3:$G121)) | V28: =if(L28="","", left(L28, find(" x ",L28)-1)) | W28: =if(L28="","", TRIM(mid(L28,find(" x ",L28)+3,20)))
B29: =IF(B28<$A$1,B28+1,if($A$1="",B28+1,"")) | C29: =IF(G28<>0,C28+G28,) | D29: =if(C29="",,D28*(1+J28)) | E29: =IF(C29="",,IF(B29="",,C29*J29)) | F29: =if(D29="",,D29*J29) | H29: =IF(G29=0,,G29/C29) | I29: =if(G29="",,G29-F29) | J29: =if(B29<>"",J28*(1-Diretrizes!D$5),) | Q29: =if(P29="","", sumif(N$3:N122,P29,G$3:G122)) | R29: =if(P29="","", countif(N$3:N122,P29)) | S29: =if(P29="","", averageif(N$3:N122,P29,H$3:H122)) | T29: =if(P29="","",Q29/sum($G$3:$G122)) | V29: =if(L29="","", left(L29, find(" x ",L29)-1)) | W29: =if(L29="","", TRIM(mid(L29,find(" x ",L29)+3,20)))
B30: =IF(B29<$A$1,B29+1,if($A$1="",B29+1,"")) | C30: =IF(G29<>0,C29+G29,) | D30: =if(C30="",,D29*(1+J29)) | E30: =IF(C30="",,IF(B30="",,C30*J30)) | F30: =if(D30="",,D30*J30) | H30: =IF(G30=0,,G30/C30) | I30: =if(G30="",,G30-F30) | J30: =if(B30<>"",J29*(1-Diretrizes!D$5),) | Q30: =if(P30="","", sumif(N$3:N123,P30,G$3:G123)) | R30: =if(P30="","", countif(N$3:N123,P30)) | S30: =if(P30="","", averageif(N$3:N123,P30,H$3:H123)) | T30: =if(P30="","",Q30/sum($G$3:$G123)) | V30: =if(L30="","", left(L30, find(" x ",L30)-1)) | W30: =if(L30="","", TRIM(mid(L30,find(" x ",L30)+3,20)))
B31: =IF(B30<$A$1,B30+1,if($A$1="",B30+1,"")) | C31: =IF(G30<>0,C30+G30,) | D31: =if(C31="",,D30*(1+J30)) | E31: =IF(C31="",,IF(B31="",,C31*J31)) | F31: =if(D31="",,D31*J31) | H31: =IF(G31=0,,G31/C31) | I31: =if(G31="",,G31-F31) | J31: =if(B31<>"",J30*(1-Diretrizes!D$5),) | Q31: =if(P31="","", sumif(N$3:N124,P31,G$3:G124)) | R31: =if(P31="","", countif(N$3:N124,P31)) | S31: =if(P31="","", averageif(N$3:N124,P31,H$3:H124)) | T31: =if(P31="","",Q31/sum($G$3:$G124)) | V31: =if(L31="","", left(L31, find(" x ",L31)-1)) | W31: =if(L31="","", TRIM(mid(L31,find(" x ",L31)+3,20)))
B32: =IF(B31<$A$1,B31+1,if($A$1="",B31+1,"")) | C32: =IF(G31<>0,C31+G31,) | D32: =if(C32="",,D31*(1+J31)) | E32: =IF(C32="",,IF(B32="",,C32*J32)) | F32: =if(D32="",,D32*J32) | H32: =IF(G32=0,,G32/C32) | I32: =if(G32="",,G32-F32) | J32: =if(B32<>"",J31*(1-Diretrizes!D$5),) | Q32: =if(P32="","", sumif(N$3:N125,P32,G$3:G125)) | R32: =if(P32="","", countif(N$3:N125,P32)) | S32: =if(P32="","", averageif(N$3:N125,P32,H$3:H125)) | T32: =if(P32="","",Q32/sum($G$3:$G125)) | V32: =if(L32="","", left(L32, find(" x ",L32)-1)) | W32: =if(L32="","", TRIM(mid(L32,find(" x ",L32)+3,20)))
C33: =IF(G32<>0,C32+G32,) | D33: =if(C33="",,D32*(1+J32)) | Q33: =if(P33="","", sumif(N$3:N126,P33,G$3:G126)) | R33: =if(P33="","", countif(N$3:N126,P33)) | S33: =if(P33="","", averageif(N$3:N126,P33,H$3:H126)) | T33: =if(P33="","",Q33/sum($G$3:$G126)) | V33: =if(L33="","", left(L33, find(" x ",L33)-1)) | W33: =if(L33="","", TRIM(mid(L33,find(" x ",L33)+3,20)))
Q34: =if(P34="","", sumif(N$3:N127,P34,G$3:G127)) | R34: =if(P34="","", countif(N$3:N127,P34)) | S34: =if(P34="","", averageif(N$3:N127,P34,H$3:H127)) | T34: =if(P34="","",Q34/sum($G$3:$G127)) | V34: =if(L34="","", left(L34, find(" x ",L34)-1)) | W34: =if(L34="","", TRIM(mid(L34,find(" x ",L34)+3,20)))
Q35: =if(P35="","", sumif(N$3:N128,P35,G$3:G128)) | R35: =if(P35="","", countif(N$3:N128,P35)) | S35: =if(P35="","", averageif(N$3:N128,P35,H$3:H128)) | T35: =if(P35="","",Q35/sum($G$3:$G128)) | V35: =if(L35="","", left(L35, find(" x ",L35)-1)) | W35: =if(L35="","", TRIM(mid(L35,find(" x ",L35)+3,20)))
Q36: =if(P36="","", sumif(N$3:N129,P36,G$3:G129)) | R36: =if(P36="","", countif(N$3:N129,P36)) | S36: =if(P36="","", averageif(N$3:N129,P36,H$3:H129)) | T36: =if(P36="","",Q36/sum($G$3:$G129)) | V36: =if(L36="","", left(L36, find(" x ",L36)-1)) | W36: =if(L36="","", TRIM(mid(L36,find(" x ",L36)+3,20)))
Q37: =if(P37="","", sumif(N$3:N130,P37,G$3:G130)) | R37: =if(P37="","", countif(N$3:N130,P37)) | S37: =if(P37="","", averageif(N$3:N130,P37,H$3:H130)) | T37: =if(P37="","",Q37/sum($G$3:$G130)) | V37: =if(L37="","", left(L37, find(" x ",L37)-1)) | W37: =if(L37="","", TRIM(mid(L37,find(" x ",L37)+3,20)))
P38: Desempenho por Clube | V38: =if(L38="","", left(L38, find(" x ",L38)-1)) | W38: =if(L38="","", TRIM(mid(L38,find(" x ",L38)+3,20)))
P39: Clube | Q39: Valor | R39: Qt | S39: %Médio | T39: %Total | V39: =if(L39="","", left(L39, find(" x ",L39)-1)) | W39: =if(L39="","", TRIM(mid(L39,find(" x ",L39)+3,20)))
P40: {=sort(UNIQUE({V3:V120;W3:W120}))} | V40: =if(L40="","", left(L40, find(" x ",L40)-1)) | W40: =if(L40="","", TRIM(mid(L40,find(" x ",L40)+3,20)))
Q41: =if(P41="","", sumif(V$3:V120,P41,G$3:G120)+sumif(W$3:W120,P41,G$3:G120)) | R41: =if(P41="","", countif(V$3:W120,P41)) | S41: =if(P41="","", iferror(averageif(V$3:V120,P41,H$3:H120),0)+iferror(averageif(W$3:W120,P41,H$3:H120),0)) | T41: =if(P41="","",Q41/sum($Q$41:$Q$138)) | V41: =if(L41="","", left(L41, find(" x ",L41)-1)) | W41: =if(L41="","", TRIM(mid(L41,find(" x ",L41)+3,20)))
Q42: =if(P42="","", sumif(V$3:V121,P42,G$3:G121)+sumif(W$3:W121,P42,G$3:G121)) | R42: =if(P42="","", countif(V$3:W121,P42)) | S42: =if(P42="","", iferror(averageif(V$3:V121,P42,H$3:H121),0)+iferror(averageif(W$3:W121,P42,H$3:H121),0)) | T42: =if(P42="","",Q42/sum($Q$41:$Q$138)) | V42: =if(L42="","", left(L42, find(" x ",L42)-1)) | W42: =if(L42="","", TRIM(mid(L42,find(" x ",L42)+3,20)))
Q43: =if(P43="","", sumif(V$3:V122,P43,G$3:G122)+sumif(W$3:W122,P43,G$3:G122)) | R43: =if(P43="","", countif(V$3:W122,P43)) | S43: =if(P43="","", iferror(averageif(V$3:V122,P43,H$3:H122),0)+iferror(averageif(W$3:W122,P43,H$3:H122),0)) | T43: =if(P43="","",Q43/sum($Q$41:$Q$138)) | V43: =if(L43="","", left(L43, find(" x ",L43)-1)) | W43: =if(L43="","", TRIM(mid(L43,find(" x ",L43)+3,20)))
Q44: =if(P44="","", sumif(V$3:V123,P44,G$3:G123)+sumif(W$3:W123,P44,G$3:G123)) | R44: =if(P44="","", countif(V$3:W123,P44)) | S44: =if(P44="","", iferror(averageif(V$3:V123,P44,H$3:H123),0)+iferror(averageif(W$3:W123,P44,H$3:H123),0)) | T44: =if(P44="","",Q44/sum($Q$41:$Q$138)) | V44: =if(L44="","", left(L44, find(" x ",L44)-1)) | W44: =if(L44="","", TRIM(mid(L44,find(" x ",L44)+3,20)))
Q45: =if(P45="","", sumif(V$3:V124,P45,G$3:G124)+sumif(W$3:W124,P45,G$3:G124)) | R45: =if(P45="","", countif(V$3:W124,P45)) | S45: =if(P45="","", iferror(averageif(V$3:V124,P45,H$3:H124),0)+iferror(averageif(W$3:W124,P45,H$3:H124),0)) | T45: =if(P45="","",Q45/sum($Q$41:$Q$138)) | V45: =if(L45="","", left(L45, find(" x ",L45)-1)) | W45: =if(L45="","", TRIM(mid(L45,find(" x ",L45)+3,20)))
Q46: =if(P46="","", sumif(V$3:V125,P46,G$3:G125)+sumif(W$3:W125,P46,G$3:G125)) | R46: =if(P46="","", countif(V$3:W125,P46)) | S46: =if(P46="","", iferror(averageif(V$3:V125,P46,H$3:H125),0)+iferror(averageif(W$3:W125,P46,H$3:H125),0)) | T46: =if(P46="","",Q46/sum($Q$41:$Q$138)) | V46: =if(L46="","", left(L46, find(" x ",L46)-1)) | W46: =if(L46="","", TRIM(mid(L46,find(" x ",L46)+3,20)))
Q47: =if(P47="","", sumif(V$3:V126,P47,G$3:G126)+sumif(W$3:W126,P47,G$3:G126)) | R47: =if(P47="","", countif(V$3:W126,P47)) | S47: =if(P47="","", iferror(averageif(V$3:V126,P47,H$3:H126),0)+iferror(averageif(W$3:W126,P47,H$3:H126),0)) | T47: =if(P47="","",Q47/sum($Q$41:$Q$138)) | V47: =if(L47="","", left(L47, find(" x ",L47)-1)) | W47: =if(L47="","", TRIM(mid(L47,find(" x ",L47)+3,20)))
Q48: =if(P48="","", sumif(V$3:V127,P48,G$3:G127)+sumif(W$3:W127,P48,G$3:G127)) | R48: =if(P48="","", countif(V$3:W127,P48)) | S48: =if(P48="","", iferror(averageif(V$3:V127,P48,H$3:H127),0)+iferror(averageif(W$3:W127,P48,H$3:H127),0)) | T48: =if(P48="","",Q48/sum($Q$41:$Q$138)) | V48: =if(L48="","", left(L48, find(" x ",L48)-1)) | W48: =if(L48="","", TRIM(mid(L48,find(" x ",L48)+3,20)))
Q49: =if(P49="","", sumif(V$3:V128,P49,G$3:G128)+sumif(W$3:W128,P49,G$3:G128)) | R49: =if(P49="","", countif(V$3:W128,P49)) | S49: =if(P49="","", iferror(averageif(V$3:V128,P49,H$3:H128),0)+iferror(averageif(W$3:W128,P49,H$3:H128),0)) | T49: =if(P49="","",Q49/sum($Q$41:$Q$138)) | V49: =if(L49="","", left(L49, find(" x ",L49)-1)) | W49: =if(L49="","", TRIM(mid(L49,find(" x ",L49)+3,20)))
Q50: =if(P50="","", sumif(V$3:V129,P50,G$3:G129)+sumif(W$3:W129,P50,G$3:G129)) | R50: =if(P50="","", countif(V$3:W129,P50)) | S50: =if(P50="","", iferror(averageif(V$3:V129,P50,H$3:H129),0)+iferror(averageif(W$3:W129,P50,H$3:H129),0)) | T50: =if(P50="","",Q50/sum($Q$41:$Q$138)) | V50: =if(L50="","", left(L50, find(" x ",L50)-1)) | W50: =if(L50="","", TRIM(mid(L50,find(" x ",L50)+3,20)))
Q51: =if(P51="","", sumif(V$3:V130,P51,G$3:G130)+sumif(W$3:W130,P51,G$3:G130)) | R51: =if(P51="","", countif(V$3:W130,P51)) | S51: =if(P51="","", iferror(averageif(V$3:V130,P51,H$3:H130),0)+iferror(averageif(W$3:W130,P51,H$3:H130),0)) | T51: =if(P51="","",Q51/sum($Q$41:$Q$138)) | V51: =if(L51="","", left(L51, find(" x ",L51)-1)) | W51: =if(L51="","", TRIM(mid(L51,find(" x ",L51)+3,20)))
Q52: =if(P52="","", sumif(V$3:V131,P52,G$3:G131)+sumif(W$3:W131,P52,G$3:G131)) | R52: =if(P52="","", countif(V$3:W131,P52)) | S52: =if(P52="","", iferror(averageif(V$3:V131,P52,H$3:H131),0)+iferror(averageif(W$3:W131,P52,H$3:H131),0)) | T52: =if(P52="","",Q52/sum($Q$41:$Q$138)) | V52: =if(L52="","", left(L52, find(" x ",L52)-1)) | W52: =if(L52="","", TRIM(mid(L52,find(" x ",L52)+3,20)))
... Q75: =if(P75="","", sumif(V$3:V154,P75,G$3:G154)+sumif(W$3:W154,P75,G$3:G154)) | R75: =if(P75="","", countif(V$3:W154,P75)) | S75: =if(P75="","", iferror(averageif(V$3:V154,P75,H$3:H154),0)+iferror(averageif(W$3:W154,P75,H$3:H154),0)) | T75: =if(P75="","",Q75/sum($Q$41:$Q$138)) | V75: =if(L75="","", left(L75, find(" x ",L75)-1)) | W75: =if(L75="","", TRIM(mid(L75,find(" x ",L75)+3,20)))
Q76: =if(P76="","", sumif(V$3:V155,P76,G$3:G155)+sumif(W$3:W155,P76,G$3:G155)) | R76: =if(P76="","", countif(V$3:W155,P76)) | S76: =if(P76="","", iferror(averageif(V$3:V155,P76,H$3:H155),0)+iferror(averageif(W$3:W155,P76,H$3:H155),0)) | T76: =if(P76="","",Q76/sum($Q$41:$Q$138)) | V76: =if(L76="","", left(L76, find(" x ",L76)-1))
Q77: =if(P77="","", sumif(V$3:W120,P77,G$3:G120)) | R77: =if(P77="","", countif(V$3:W156,P77)) | S77: =if(P77="","", iferror(averageif(V$3:V156,P77,H$3:H156),0)+iferror(averageif(W$3:W156,P77,H$3:H156),0)) | T77: =if(P77="","",Q77/sum($Q$41:$Q$138)) | V77: =if(L77="","", left(L77, find(" x ",L77)-1))
Q78: =if(P78="","", sumif(V$3:W121,P78,G$3:G121)) | R78: =if(P78="","", countif(V$3:W157,P78)) | S78: =if(P78="","", iferror(averageif(V$3:V157,P78,H$3:H157),0)+iferror(averageif(W$3:W157,P78,H$3:H157),0)) | T78: =if(P78="","",Q78/sum($Q$41:$Q$138)) | V78: =if(L78="","", left(L78, find(" x ",L78)-1))
Q79: =if(P79="","", sumif(V$3:W122,P79,G$3:G122)) | R79: =if(P79="","", countif(V$3:W158,P79)) | S79: =if(P79="","", iferror(averageif(V$3:V158,P79,H$3:H158),0)+iferror(averageif(W$3:W158,P79,H$3:H158),0)) | T79: =if(P79="","",Q79/sum($Q$41:$Q$138)) | V79: =if(L79="","", left(L79, find(" x ",L79)-1))
Q80: =if(P80="","", sumif(V$3:W123,P80,G$3:G123)) | R80: =if(P80="","", countif(V$3:W159,P80)) | S80: =if(P80="","", iferror(averageif(V$3:V159,P80,H$3:H159),0)+iferror(averageif(W$3:W159,P80,H$3:H159),0)) | T80: =if(P80="","",Q80/sum($Q$41:$Q$138)) | V80: =if(L80="","", left(L80, find(" x ",L80)-1))
Q81: =if(P81="","", sumif(V$3:W124,P81,G$3:G124)) | R81: =if(P81="","", countif(V$3:W160,P81)) | S81: =if(P81="","", iferror(averageif(V$3:V160,P81,H$3:H160),0)+iferror(averageif(W$3:W160,P81,H$3:H160),0)) | T81: =if(P81="","",Q81/sum($Q$41:$Q$138)) | V81: =if(L81="","", left(L81, find(" x ",L81)-1))
Q82: =if(P82="","", sumif(V$3:W125,P82,G$3:G125)) | R82: =if(P82="","", countif(V$3:W161,P82)) | S82: =if(P82="","", iferror(averageif(V$3:V161,P82,H$3:H161),0)+iferror(averageif(W$3:W161,P82,H$3:H161),0)) | T82: =if(P82="","",Q82/sum($Q$41:$Q$138)) | V82: =if(L82="","", left(L82, find(" x ",L82)-1))
Q83: =if(P83="","", sumif(V$3:W126,P83,G$3:G126)) | R83: =if(P83="","", countif(V$3:W162,P83)) | S83: =if(P83="","", iferror(averageif(V$3:V162,P83,H$3:H162),0)+iferror(averageif(W$3:W162,P83,H$3:H162),0)) | T83: =if(P83="","",Q83/sum($Q$41:$Q$138)) | V83: =if(L83="","", left(L83, find(" x ",L83)-1))
Q84: =if(P84="","", sumif(V$3:W127,P84,G$3:G127)) | R84: =if(P84="","", countif(V$3:W163,P84)) | S84: =if(P84="","", iferror(averageif(V$3:V163,P84,H$3:H163),0)+iferror(averageif(W$3:W163,P84,H$3:H163),0)) | T84: =if(P84="","",Q84/sum($Q$41:$Q$138)) | V84: =if(L84="","", left(L84, find(" x ",L84)-1))
Q85: =if(P85="","", sumif(V$3:W128,P85,G$3:G128)) | R85: =if(P85="","", countif(V$3:W164,P85)) | S85: =if(P85="","", iferror(averageif(V$3:V164,P85,H$3:H164),0)+iferror(averageif(W$3:W164,P85,H$3:H164),0)) | T85: =if(P85="","",Q85/sum($Q$41:$Q$138)) | V85: =if(L85="","", left(L85, find(" x ",L85)-1))
Q86: =if(P86="","", sumif(V$3:W129,P86,G$3:G129)) | R86: =if(P86="","", countif(V$3:W165,P86)) | S86: =if(P86="","", iferror(averageif(V$3:V165,P86,H$3:H165),0)+iferror(averageif(W$3:W165,P86,H$3:H165),0)) | T86: =if(P86="","",Q86/sum($Q$41:$Q$138)) | V86: =if(L86="","", left(L86, find(" x ",L86)-1))
Q87: =if(P87="","", sumif(V$3:W130,P87,G$3:G130)) | R87: =if(P87="","", countif(V$3:W166,P87)) | S87: =if(P87="","", iferror(averageif(V$3:V166,P87,H$3:H166),0)+iferror(averageif(W$3:W166,P87,H$3:H166),0)) | T87: =if(P87="","",Q87/sum($Q$41:$Q$138)) | V87: =if(L87="","", left(L87, find(" x ",L87)-1))
Q88: =if(P88="","", sumif(V$3:W131,P88,G$3:G131)) | R88: =if(P88="","", countif(V$3:W167,P88)) | S88: =if(P88="","", iferror(averageif(V$3:V167,P88,H$3:H167),0)+iferror(averageif(W$3:W167,P88,H$3:H167),0)) | T88: =if(P88="","",Q88/sum($Q$41:$Q$138)) | V88: =if(L88="","", left(L88, find(" x ",L88)-1))
Q89: =if(P89="","", sumif(V$3:W132,P89,G$3:G132)) | R89: =if(P89="","", countif(V$3:W168,P89)) | S89: =if(P89="","", iferror(averageif(V$3:V168,P89,H$3:H168),0)+iferror(averageif(W$3:W168,P89,H$3:H168),0)) | T89: =if(P89="","",Q89/sum($Q$41:$Q$138))
Q90: =if(P90="","", sumif(V$3:W133,P90,G$3:G133)) | R90: =if(P90="","", countif(V$3:W169,P90)) | S90: =if(P90="","", iferror(averageif(V$3:V169,P90,H$3:H169),0)+iferror(averageif(W$3:W169,P90,H$3:H169),0)) | T90: =if(P90="","",Q90/sum($Q$41:$Q$138))
Q91: =if(P91="","", sumif(V$3:W134,P91,G$3:G134)) | R91: =if(P91="","", countif(V$3:W170,P91)) | S91: =if(P91="","", iferror(averageif(V$3:V170,P91,H$3:H170),0)+iferror(averageif(W$3:W170,P91,H$3:H170),0)) | T91: =if(P91="","",Q91/sum($Q$41:$Q$138))
Q92: =if(P92="","", sumif(V$3:W135,P92,G$3:G135)) | R92: =if(P92="","", countif(V$3:W171,P92)) | S92: =if(P92="","", iferror(averageif(V$3:V171,P92,H$3:H171),0)+iferror(averageif(W$3:W171,P92,H$3:H171),0)) | T92: =if(P92="","",Q92/sum($Q$41:$Q$138))
Q93: =if(P93="","", sumif(V$3:W136,P93,G$3:G136)) | R93: =if(P93="","", countif(V$3:W172,P93)) | S93: =if(P93="","", iferror(averageif(V$3:V172,P93,H$3:H172),0)+iferror(averageif(W$3:W172,P93,H$3:H172),0)) | T93: =if(P93="","",Q93/sum($Q$41:$Q$138))
Q94: =if(P94="","", sumif(V$3:W137,P94,G$3:G137)) | R94: =if(P94="","", countif(V$3:W173,P94)) | S94: =if(P94="","", iferror(averageif(V$3:V173,P94,H$3:H173),0)+iferror(averageif(W$3:W173,P94,H$3:H173),0)) | T94: =if(P94="","",Q94/sum($Q$41:$Q$138))
Q95: =if(P95="","", sumif(V$3:W138,P95,G$3:G138)) | R95: =if(P95="","", countif(V$3:W174,P95)) | S95: =if(P95="","", iferror(averageif(V$3:V174,P95,H$3:H174),0)+iferror(averageif(W$3:W174,P95,H$3:H174),0)) | T95: =if(P95="","",Q95/sum($Q$41:$Q$138))
Q96: =if(P96="","", sumif(V$3:W139,P96,G$3:G139)) | R96: =if(P96="","", countif(V$3:W175,P96)) | S96: =if(P96="","", iferror(averageif(V$3:V175,P96,H$3:H175),0)+iferror(averageif(W$3:W175,P96,H$3:H175),0)) | T96: =if(P96="","",Q96/sum($Q$41:$Q$138))
Q97: =if(P97="","", sumif(V$3:W140,P97,G$3:G140)) | R97: =if(P97="","", countif(V$3:W176,P97)) | S97: =if(P97="","", iferror(averageif(V$3:V176,P97,H$3:H176),0)+iferror(averageif(W$3:W176,P97,H$3:H176),0)) | T97: =if(P97="","",Q97/sum($Q$41:$Q$138))
Q98: =if(P98="","", sumif(V$3:W141,P98,G$3:G141)) | R98: =if(P98="","", countif(V$3:W177,P98)) | S98: =if(P98="","", iferror(averageif(V$3:V177,P98,H$3:H177),0)+iferror(averageif(W$3:W177,P98,H$3:H177),0)) | T98: =if(P98="","",Q98/sum($Q$41:$Q$138))

Sheet Ciclo 3
A1: =IF(Diretrizes!J3<2,"",Diretrizes!J3) -> 12 | C1: Banca | D1: Banca | E1: Obj/Banca | F1: Obj./Banca
B2: Jogo | C2: Trabalho | D2: Teórica | E2: Trabalho | F2: Teórica | G2: Lucro | H2: %S.B. Trab | I2: Resíduo | J2: Objetivo | L2: Jogo | M2: Estratégia | N2: Campeonato | P2: Início
B3: 1 | C3: =Diretrizes!E3 -> 125 | D3: =C3 -> 125 | E3: =IF(C3="",,IF(B3="",,C3*J3)) -> 5 | F3: =if(D3="",,D3*J3) -> 5 | H3: =IF(G3=0,,G3/C3) | I3: =if(G3="",,G3-F3) | J3: =Diretrizes!E4 -> 0.04 | P3: Fim | V3: =if(L3="","", left(L3, find(" x ",L3)-1)) | W3: =if(L3="","", TRIM(mid(L3,find(" x ",L3)+3,20)))
B4: =IF(B3<$A$1,B3+1,if($A$1="",B3+1,"")) -> 2 | C4: =IF(G3<>0,C3+G3,) | D4: =if(C4="",,D3*(1+J3)) | E4: =IF(C4="",,IF(B4="",,C4*J4)) | F4: =if(D4="",,D4*J4) | H4: =IF(G4=0,,G4/C4) | I4: =if(G4="",,G4-F4) | J4: =if(B4<>"",J3*(1-Diretrizes!E$5),) -> 0.04 | K4: =IF(AND(D4>$Q$9,D3<$Q$9),"OK","NOK") -> NOK | V4: =if(L4="","", left(L4, find(" x ",L4)-1)) | W4: =if(L4="","", TRIM(mid(L4,find(" x ",L4)+3,20)))
B5: =IF(B4<$A$1,B4+1,if($A$1="",B4+1,"")) -> 3 | C5: =IF(G4<>0,C4+G4,) | D5: =if(C5="",,D4*(1+J4)) | E5: =IF(C5="",,IF(B5="",,C5*J5)) | F5: =if(D5="",,D5*J5) | H5: =IF(G5=0,,G5/C5) | I5: =if(G5="",,G5-F5) | J5: =if(B5<>"",J4*(1-Diretrizes!E$5),) -> 0.04 | K5: =IF(AND(D5>$Q$9,D4<$Q$9),"OK","NOK") -> NOK | P5: Banca Inicial | Q5: =Diretrizes!E3 -> 125 | S5: Resíduo | T5: =SUM(I3:I32) -> 0 | V5: =if(L5="","", left(L5, find(" x ",L5)-1)) | W5: =if(L5="","", TRIM(mid(L5,find(" x ",L5)+3,20)))
B6: =IF(B5<$A$1,B5+1,if($A$1="",B5+1,"")) -> 4 | C6: =IF(G5<>0,C5+G5,) | D6: =if(C6="",,D5*(1+J5)) | E6: =IF(C6="",,IF(B6="",,C6*J6)) | F6: =if(D6="",,D6*J6) | H6: =IF(G6=0,,G6/C6) | I6: =if(G6="",,G6-F6) | J6: =if(B6<>"",J5*(1-Diretrizes!E$5),) -> 0.04 | K6: =IF(AND(D6>$Q$9,D5<$Q$9),"OK","NOK") -> NOK | P6: Banca Atual | Q6: =Q7+C3 -> 125 | V6: =if(L6="","", left(L6, find(" x ",L6)-1)) | W6: =if(L6="","", TRIM(mid(L6,find(" x ",L6)+3,20)))
B7: =IF(B6<$A$1,B6+1,if($A$1="",B6+1,"")) -> 5 | C7: =IF(G6<>0,C6+G6,) | D7: =if(C7="",,D6*(1+J6)) | E7: =IF(C7="",,IF(B7="",,C7*J7)) | F7: =if(D7="",,D7*J7) | H7: =IF(G7=0,,G7/C7) | I7: =if(G7="",,G7-F7) | J7: =if(B7<>"",J6*(1-Diretrizes!E$5),) -> 0.04 | K7: =IF(AND(D7>$Q$9,D6<$Q$9),"OK","NOK") -> NOK | P7: Lucro do ciclo | Q7: =SUM(G3:G32) -> 0 | S7: Saque | T7: =IF(G3="",,MAX(0,Q6-'Ciclo 4'!Q5)) | V7: =if(L7="","", left(L7, find(" x ",L7)-1)) | W7: =if(L7="","", TRIM(mid(L7,find(" x ",L7)+3,20)))
B8: =IF(B7<$A$1,B7+1,if($A$1="",B7+1,"")) -> 6 | C8: =IF(G7<>0,C7+G7,) | D8: =if(C8="",,D7*(1+J7)) | E8: =IF(C8="",,IF(B8="",,C8*J8)) | F8: =if(D8="",,D8*J8) | H8: =IF(G8=0,,G8/C8) | I8: =if(G8="",,G8-F8) | J8: =if(B8<>"",J7*(1-Diretrizes!E$5),) -> 0.04 | K8: =IF(AND(D8>$Q$9,D7<$Q$9),"OK","NOK") -> NOK | P8: Lucro % | Q8: =Q6/C3-1 -> 0 | V8: =if(L8="","", left(L8, find(" x ",L8)-1)) | W8: =if(L8="","", TRIM(mid(L8,find(" x ",L8)+3,20)))
B9: =IF(B8<$A$1,B8+1,if($A$1="",B8+1,"")) -> 7 | C9: =IF(G8<>0,C8+G8,) | D9: =if(C9="",,D8*(1+J8)) | E9: =IF(C9="",,IF(B9="",,C9*J9)) | F9: =if(D9="",,D9*J9) | H9: =IF(G9=0,,G9/C9) | I9: =if(G9="",,G9-F9) | J9: =if(B9<>"",J8*(1-Diretrizes!E$5),) -> 0.04 | K9: =IF(AND(D9>$Q$9,D8<$Q$9),"OK","NOK") -> NOK | V9: =if(L9="","", left(L9, find(" x ",L9)-1)) | W9: =if(L9="","", TRIM(mid(L9,find(" x ",L9)+3,20)))
B10: =IF(B9<$A$1,B9+1,if($A$1="",B9+1,"")) -> 8 | C10: =IF(G9<>0,C9+G9,) | D10: =if(C10="",,D9*(1+J9)) | E10: =IF(C10="",,IF(B10="",,C10*J10)) | F10: =if(D10="",,D10*J10) | H10: =IF(G10=0,,G10/C10) | I10: =if(G10="",,G10-F10) | J10: =if(B10<>"",J9*(1-Diretrizes!E$5),) -> 0.04 | K10: =IF(AND(D10>$Q$9,D9<$Q$9),"OK","NOK") -> NOK | P10: Parar com | Q10: =Diretrizes!E7 -> 187.5 | V10: =if(L10="","", left(L10, find(" x ",L10)-1)) | W10: =if(L10="","", TRIM(mid(L10,find(" x ",L10)+3,20)))
B11: =IF(B10<$A$1,B10+1,if($A$1="",B10+1,"")) -> 9 | C11: =IF(G10<>0,C10+G10,) | D11: =if(C11="",,D10*(1+J10)) | E11: =IF(C11="",,IF(B11="",,C11*J11)) | F11: =if(D11="",,D11*J11) | H11: =IF(G11=0,,G11/C11) | I11: =if(G11="",,G11-F11) | J11: =if(B11<>"",J10*(1-Diretrizes!E$5),) -> 0.04 | K11: =IF(AND(D11>$Q$9,D10<$Q$9),"OK","NOK") -> NOK | V11: =if(L11="","", left(L11, find(" x ",L11)-1)) | W11: =if(L11="","", TRIM(mid(L11,find(" x ",L11)+3,20)))
B12: =IF(B11<$A$1,B11+1,if($A$1="",B11+1,"")) -> 10 | C12: =IF(G11<>0,C11+G11,) | D12: =if(C12="",,D11*(1+J11)) | E12: =IF(C12="",,IF(B12="",,C12*J12)) | F12: =if(D12="",,D12*J12) | H12: =IF(G12=0,,G12/C12) | I12: =if(G12="",,G12-F12) | J12: =if(B12<>"",J11*(1-Diretrizes!E$5),) -> 0.04 | K12: =IF(AND(D12>$Q$9,D11<$Q$9),"OK","NOK") -> NOK | P12: Desempenho por Estratégia | V12: =if(L12="","", left(L12, find(" x ",L12)-1)) | W12: =if(L12="","", TRIM(mid(L12,find(" x ",L12)+3,20)))
B13: =IF(B12<$A$1,B12+1,if($A$1="",B12+1,"")) -> 11 | C13: =IF(G12<>0,C12+G12,) | D13: =if(C13="",,D12*(1+J12)) | E13: =IF(C13="",,IF(B13="",,C13*J13)) | F13: =if(D13="",,D13*J13) | H13: =IF(G13=0,,G13/C13) | I13: =if(G13="",,G13-F13) | J13: =if(B13<>"",J12*(1-Diretrizes!E$5),) -> 0.04 | P13: Estratégia | Q13: Valor | R13: Qt | S13: %Médio | T13: %Total | V13: =if(L13="","", left(L13, find(" x ",L13)-1)) | W13: =if(L13="","", TRIM(mid(L13,find(" x ",L13)+3,20)))
B14: =IF(B13<$A$1,B13+1,if($A$1="",B13+1,"")) -> 12 | C14: =IF(G13<>0,C13+G13,) | D14: =if(C14="",,D13*(1+J13)) | E14: =IF(C14="",,IF(B14="",,C14*J14)) | F14: =if(D14="",,D14*J14) | H14: =IF(G14=0,,G14/C14) | I14: =if(G14="",,G14-F14) | J14: =if(B14<>"",J13*(1-Diretrizes!E$5),) -> 0.04 | P14: {=sort(unique(M3:M120))} | Q14: =if(P14="","", sumif(M$3:M120,P14,G$3:G120)) | R14: =if(P14="","", countif(M$3:M120,P14)) | S14: =if(P14="","", averageif(M$3:M120,P14,H$3:H120)) | T14: =if(P14="","",Q14/sum($G$3:$G120)) | V14: =if(L14="","", left(L14, find(" x ",L14)-1)) | W14: =if(L14="","", TRIM(mid(L14,find(" x ",L14)+3,20)))
B15: =IF(B14<$A$1,B14+1,if($A$1="",B14+1,"")) | C15: =IF(G14<>0,C14+G14,) | D15: =if(C15="",,D14*(1+J14)) | E15: =IF(C15="",,IF(B15="",,C15*J15)) | F15: =if(D15="",,D15*J15) | H15: =IF(G15=0,,G15/C15) | I15: =if(G15="",,G15-F15) | J15: =if(B15<>"",J14*(1-Diretrizes!E$5),) | Q15: =if(P15="","", sumif(M$3:M121,P15,G$3:G121)) | R15: =if(P15="","", countif(M$3:M121,P15)) | S15: =if(P15="","", averageif(M$3:M121,P15,H$3:H121)) | T15: =if(P15="","",Q15/sum($G$3:$G121)) | V15: =if(L15="","", left(L15, find(" x ",L15)-1)) | W15: =if(L15="","", TRIM(mid(L15,find(" x ",L15)+3,20)))
B16: =IF(B15<$A$1,B15+1,if($A$1="",B15+1,"")) | C16: =IF(G15<>0,C15+G15,) | D16: =if(C16="",,D15*(1+J15)) | E16: =IF(C16="",,IF(B16="",,C16*J16)) | F16: =if(D16="",,D16*J16) | H16: =IF(G16=0,,G16/C16) | I16: =if(G16="",,G16-F16) | J16: =if(B16<>"",J15*(1-Diretrizes!E$5),) | Q16: =if(P16="","", sumif(M$3:M122,P16,G$3:G122)) | R16: =if(P16="","", countif(M$3:M122,P16)) | S16: =if(P16="","", averageif(M$3:M122,P16,H$3:H122)) | T16: =if(P16="","",Q16/sum($G$3:$G122)) | V16: =if(L16="","", left(L16, find(" x ",L16)-1)) | W16: =if(L16="","", TRIM(mid(L16,find(" x ",L16)+3,20)))
B17: =IF(B16<$A$1,B16+1,if($A$1="",B16+1,"")) | C17: =IF(G16<>0,C16+G16,) | D17: =if(C17="",,D16*(1+J16)) | E17: =IF(C17="",,IF(B17="",,C17*J17)) | F17: =if(D17="",,D17*J17) | H17: =IF(G17=0,,G17/C17) | I17: =if(G17="",,G17-F17) | J17: =if(B17<>"",J16*(1-Diretrizes!E$5),) | Q17: =if(P17="","", sumif(M$3:M123,P17,G$3:G123)) | R17: =if(P17="","", countif(M$3:M123,P17)) | S17: =if(P17="","", averageif(M$3:M123,P17,H$3:H123)) | T17: =if(P17="","",Q17/sum($G$3:$G123)) | V17: =if(L17="","", left(L17, find(" x ",L17)-1)) | W17: =if(L17="","", TRIM(mid(L17,find(" x ",L17)+3,20)))
B18: =IF(B17<$A$1,B17+1,if($A$1="",B17+1,"")) | C18: =IF(G17<>0,C17+G17,) | D18: =if(C18="",,D17*(1+J17)) | E18: =IF(C18="",,IF(B18="",,C18*J18)) | F18: =if(D18="",,D18*J18) | H18: =IF(G18=0,,G18/C18) | I18: =if(G18="",,G18-F18) | J18: =if(B18<>"",J17*(1-Diretrizes!E$5),) | Q18: =if(P18="","", sumif(M$3:M124,P18,G$3:G124)) | R18: =if(P18="","", countif(M$3:M124,P18)) | S18: =if(P18="","", averageif(M$3:M124,P18,H$3:H124)) | T18: =if(P18="","",Q18/sum($G$3:$G124)) | V18: =if(L18="","", left(L18, find(" x ",L18)-1)) | W18: =if(L18="","", TRIM(mid(L18,find(" x ",L18)+3,20)))
B19: =IF(B18<$A$1,B18+1,if($A$1="",B18+1,"")) | C19: =IF(G18<>0,C18+G18,) | D19: =if(C19="",,D18*(1+J18)) | E19: =IF(C19="",,IF(B19="",,C19*J19)) | F19: =if(D19="",,D19*J19) | H19: =IF(G19=0,,G19/C19) | I19: =if(G19="",,G19-F19) | J19: =if(B19<>"",J18*(1-Diretrizes!E$5),) | Q19: =if(P19="","", sumif(M$3:M125,P19,G$3:G125)) | R19: =if(P19="","", countif(M$3:M125,P19)) | S19: =if(P19="","", averageif(M$3:M125,P19,H$3:H125)) | T19: =if(P19="","",Q19/sum($G$3:$G125)) | V19: =if(L19="","", left(L19, find(" x ",L19)-1)) | W19: =if(L19="","", TRIM(mid(L19,find(" x ",L19)+3,20)))
B20: =IF(B19<$A$1,B19+1,if($A$1="",B19+1,"")) | C20: =IF(G19<>0,C19+G19,) | D20: =if(C20="",,D19*(1+J19)) | E20: =IF(C20="",,IF(B20="",,C20*J20)) | F20: =if(D20="",,D20*J20) | H20: =IF(G20=0,,G20/C20) | I20: =if(G20="",,G20-F20) | J20: =if(B20<>"",J19*(1-Diretrizes!E$5),) | Q20: =if(P20="","", sumif(M$3:M126,P20,G$3:G126)) | R20: =if(P20="","", countif(M$3:M126,P20)) | S20: =if(P20="","", averageif(M$3:M126,P20,H$3:H126)) | T20: =if(P20="","",Q20/sum($G$3:$G126)) | V20: =if(L20="","", left(L20, find(" x ",L20)-1)) | W20: =if(L20="","", TRIM(mid(L20,find(" x ",L20)+3,20)))
B21: =IF(B20<$A$1,B20+1,if($A$1="",B20+1,"")) | C21: =IF(G20<>0,C20+G20,) | D21: =if(C21="",,D20*(1+J20)) | E21: =IF(C21="",,IF(B21="",,C21*J21)) | F21: =if(D21="",,D21*J21) | H21: =IF(G21=0,,G21/C21) | I21: =if(G21="",,G21-F21) | J21: =if(B21<>"",J20*(1-Diretrizes!E$5),) | Q21: =if(P21="","", sumif(M$3:M127,P21,G$3:G127)) | R21: =if(P21="","", countif(M$3:M127,P21)) | S21: =if(P21="","", averageif(M$3:M127,P21,H$3:H127)) | T21: =if(P21="","",Q21/sum($G$3:$G127)) | V21: =if(L21="","", left(L21, find(" x ",L21)-1)) | W21: =if(L21="","", TRIM(mid(L21,find(" x ",L21)+3,20)))
B22: =IF(B21<$A$1,B21+1,if($A$1="",B21+1,"")) | C22: =IF(G21<>0,C21+G21,) | D22: =if(C22="",,D21*(1+J21)) | E22: =IF(C22="",,IF(B22="",,C22*J22)) | F22: =if(D22="",,D22*J22) | H22: =IF(G22=0,,G22/C22) | I22: =if(G22="",,G22-F22) | J22: =if(B22<>"",J21*(1-Diretrizes!E$5),) | Q22: =if(P22="","", sumif(M$3:M128,P22,G$3:G128)) | R22: =if(P22="","", countif(M$3:M128,P22)) | S22: =if(P22="","", averageif(M$3:M128,P22,H$3:H128)) | T22: =if(P22="","",Q22/sum($G$3:$G128)) | V22: =if(L22="","", left(L22, find(" x ",L22)-1)) | W22: =if(L22="","", TRIM(mid(L22,find(" x ",L22)+3,20)))
B23: =IF(B22<$A$1,B22+1,if($A$1="",B22+1,"")) | C23: =IF(G22<>0,C22+G22,) | D23: =if(C23="",,D22*(1+J22)) | E23: =IF(C23="",,IF(B23="",,C23*J23)) | F23: =if(D23="",,D23*J23) | H23: =IF(G23=0,,G23/C23) | I23: =if(G23="",,G23-F23) | J23: =if(B23<>"",J22*(1-Diretrizes!E$5),) | Q23: =if(P23="","", sumif(M$3:M129,P23,G$3:G129)) | R23: =if(P23="","", countif(M$3:M129,P23)) | S23: =if(P23="","", averageif(M$3:M129,P23,H$3:H129)) | T23: =if(P23="","",Q23/sum($G$3:$G129)) | V23: =if(L23="","", left(L23, find(" x ",L23)-1)) | W23: =if(L23="","", TRIM(mid(L23,find(" x ",L23)+3,20)))
B24: =IF(B23<$A$1,B23+1,if($A$1="",B23+1,"")) | C24: =IF(G23<>0,C23+G23,) | D24: =if(C24="",,D23*(1+J23)) | E24: =IF(C24="",,IF(B24="",,C24*J24)) | F24: =if(D24="",,D24*J24) | H24: =IF(G24=0,,G24/C24) | I24: =if(G24="",,G24-F24) | J24: =if(B24<>"",J23*(1-Diretrizes!E$5),) | Q24: =if(P24="","", sumif(M$3:M130,P24,G$3:G130)) | R24: =if(P24="","", countif(M$3:M130,P24)) | S24: =if(P24="","", averageif(M$3:M130,P24,H$3:H130)) | T24: =if(P24="","",Q24/sum($G$3:$G130)) | V24: =if(L24="","", left(L24, find(" x ",L24)-1)) | W24: =if(L24="","", TRIM(mid(L24,find(" x ",L24)+3,20)))
B25: =IF(B24<$A$1,B24+1,if($A$1="",B24+1,"")) | C25: =IF(G24<>0,C24+G24,) | D25: =if(C25="",,D24*(1+J24)) | E25: =IF(C25="",,IF(B25="",,C25*J25)) | F25: =if(D25="",,D25*J25) | H25: =IF(G25=0,,G25/C25) | I25: =if(G25="",,G25-F25) | J25: =if(B25<>"",J24*(1-Diretrizes!E$5),) | P25: Desempenho por Campeonato | V25: =if(L25="","", left(L25, find(" x ",L25)-1)) | W25: =if(L25="","", TRIM(mid(L25,find(" x ",L25)+3,20)))
B26: =IF(B25<$A$1,B25+1,if($A$1="",B25+1,"")) | C26: =IF(G25<>0,C25+G25,) | D26: =if(C26="",,D25*(1+J25)) | E26: =IF(C26="",,IF(B26="",,C26*J26)) | F26: =if(D26="",,D26*J26) | H26: =IF(G26=0,,G26/C26) | I26: =if(G26="",,G26-F26) | J26: =if(B26<>"",J25*(1-Diretrizes!E$5),) | P26: Estratégia | Q26: Valor | R26: Qt | S26: %Médio | T26: %Total | V26: =if(L26="","", left(L26, find(" x ",L26)-1)) | W26: =if(L26="","", TRIM(mid(L26,find(" x ",L26)+3,20)))
B27: =IF(B26<$A$1,B26+1,if($A$1="",B26+1,"")) | C27: =IF(G26<>0,C26+G26,) | D27: =if(C27="",,D26*(1+J26)) | E27: =IF(C27="",,IF(B27="",,C27*J27)) | F27: =if(D27="",,D27*J27) | H27: =IF(G27=0,,G27/C27) | I27: =if(G27="",,G27-F27) | J27: =if(B27<>"",J26*(1-Diretrizes!E$5),) | P27: {=sort(unique(N3:N120))} | Q27: =if(P27="","", sumif(N$3:N120,P27,G$3:G120)) | R27: =if(P27="","", countif(N$3:N120,P27)) | S27: =if(P27="","", averageif(N$3:N120,P27,H$3:H120)) | T27: =if(P27="","",Q27/sum($G$3:$G120)) | V27: =if(L27="","", left(L27, find(" x ",L27)-1)) | W27: =if(L27="","", TRIM(mid(L27,find(" x ",L27)+3,20)))
B28: =IF(B27<$A$1,B27+1,if($A$1="",B27+1,"")) | C28: =IF(G27<>0,C27+G27,) | D28: =if(C28="",,D27*(1+J27)) | E28: =IF(C28="",,IF(B28="",,C28*J28)) | F28: =if(D28="",,D28*J28) | H28: =IF(G28=0,,G28/C28) | I28: =if(G28="",,G28-F28) | J28: =if(B28<>"",J27*(1-Diretrizes!E$5),) | Q28: =if(P28="","", sumif(N$3:N121,P28,G$3:G121)) | R28: =if(P28="","", countif(N$3:N121,P28)) | S28: =if(P28="","", averageif(N$3:N121,P28,H$3:H121)) | T28: =if(P28="","",Q28/sum($G$3:$G121)) | V28: =if(L28="","", left(L28, find(" x ",L28)-1)) | W28: =if(L28="","", TRIM(mid(L28,find(" x ",L28)+3,20)))
B29: =IF(B28<$A$1,B28+1,if($A$1="",B28+1,"")) | C29: =IF(G28<>0,C28+G28,) | D29: =if(C29="",,D28*(1+J28)) | E29: =IF(C29="",,IF(B29="",,C29*J29)) | F29: =if(D29="",,D29*J29) | H29: =IF(G29=0,,G29/C29) | I29: =if(G29="",,G29-F29) | J29: =if(B29<>"",J28*(1-Diretrizes!E$5),) | Q29: =if(P29="","", sumif(N$3:N122,P29,G$3:G122)) | R29: =if(P29="","", countif(N$3:N122,P29)) | S29: =if(P29="","", averageif(N$3:N122,P29,H$3:H122)) | T29: =if(P29="","",Q29/sum($G$3:$G122)) | V29: =if(L29="","", left(L29, find(" x ",L29)-1)) | W29: =if(L29="","", TRIM(mid(L29,find(" x ",L29)+3,20)))
B30: =IF(B29<$A$1,B29+1,if($A$1="",B29+1,"")) | C30: =IF(G29<>0,C29+G29,) | D30: =if(C30="",,D29*(1+J29)) | E30: =IF(C30="",,IF(B30="",,C30*J30)) | F30: =if(D30="",,D30*J30) | H30: =IF(G30=0,,G30/C30) | I30: =if(G30="",,G30-F30) | J30: =if(B30<>"",J29*(1-Diretrizes!E$5),) | Q30: =if(P30="","", sumif(N$3:N123,P30,G$3:G123)) | R30: =if(P30="","", countif(N$3:N123,P30)) | S30: =if(P30="","", averageif(N$3:N123,P30,H$3:H123)) | T30: =if(P30="","",Q30/sum($G$3:$G123)) | V30: =if(L30="","", left(L30, find(" x ",L30)-1)) | W30: =if(L30="","", TRIM(mid(L30,find(" x ",L30)+3,20)))
B31: =IF(B30<$A$1,B30+1,if($A$1="",B30+1,"")) | C31: =IF(G30<>0,C30+G30,) | D31: =if(C31="",,D30*(1+J30)) | E31: =IF(C31="",,IF(B31="",,C31*J31)) | F31: =if(D31="",,D31*J31) | H31: =IF(G31=0,,G31/C31) | I31: =if(G31="",,G31-F31) | J31: =if(B31<>"",J30*(1-Diretrizes!E$5),) | Q31: =if(P31="","", sumif(N$3:N124,P31,G$3:G124)) | R31: =if(P31="","", countif(N$3:N124,P31)) | S31: =if(P31="","", averageif(N$3:N124,P31,H$3:H124)) | T31: =if(P31="","",Q31/sum($G$3:$G124)) | V31: =if(L31="","", left(L31, find(" x ",L31)-1)) | W31: =if(L31="","", TRIM(mid(L31,find(" x ",L31)+3,20)))
B32: =IF(B31<$A$1,B31+1,if($A$1="",B31+1,"")) | C32: =IF(G31<>0,C31+G31,) | D32: =if(C32="",,D31*(1+J31)) | E32: =IF(C32="",,IF(B32="",,C32*J32)) | F32: =if(D32="",,D32*J32) | H32: =IF(G32=0,,G32/C32) | I32: =if(G32="",,G32-F32) | J32: =if(B32<>"",J31*(1-Diretrizes!E$5),) | Q32: =if(P32="","", sumif(N$3:N125,P32,G$3:G125)) | R32: =if(P32="","", countif(N$3:N125,P32)) | S32: =if(P32="","", averageif(N$3:N125,P32,H$3:H125)) | T32: =if(P32="","",Q32/sum($G$3:$G125)) | V32: =if(L32="","", left(L32, find(" x ",L32)-1)) | W32: =if(L32="","", TRIM(mid(L32,find(" x ",L32)+3,20)))
C33: =IF(G32<>0,C32+G32,) | D33: =if(C33="",,D32*(1+J32)) | Q33: =if(P33="","", sumif(N$3:N126,P33,G$3:G126)) | R33: =if(P33="","", countif(N$3:N126,P33)) | S33: =if(P33="","", averageif(N$3:N126,P33,H$3:H126)) | T33: =if(P33="","",Q33/sum($G$3:$G126)) | V33: =if(L33="","", left(L33, find(" x ",L33)-1)) | W33: =if(L33="","", TRIM(mid(L33,find(" x ",L33)+3,20)))
Q34: =if(P34="","", sumif(N$3:N127,P34,G$3:G127)) | R34: =if(P34="","", countif(N$3:N127,P34)) | S34: =if(P34="","", averageif(N$3:N127,P34,H$3:H127)) | T34: =if(P34="","",Q34/sum($G$3:$G127)) | V34: =if(L34="","", left(L34, find(" x ",L34)-1)) | W34: =if(L34="","", TRIM(mid(L34,find(" x ",L34)+3,20)))
Q35: =if(P35="","", sumif(N$3:N128,P35,G$3:G128)) | R35: =if(P35="","", countif(N$3:N128,P35)) | S35: =if(P35="","", averageif(N$3:N128,P35,H$3:H128)) | T35: =if(P35="","",Q35/sum($G$3:$G128)) | V35: =if(L35="","", left(L35, find(" x ",L35)-1)) | W35: =if(L35="","", TRIM(mid(L35,find(" x ",L35)+3,20)))
Q36: =if(P36="","", sumif(N$3:N129,P36,G$3:G129)) | R36: =if(P36="","", countif(N$3:N129,P36)) | S36: =if(P36="","", averageif(N$3:N129,P36,H$3:H129)) | T36: =if(P36="","",Q36/sum($G$3:$G129)) | V36: =if(L36="","", left(L36, find(" x ",L36)-1)) | W36: =if(L36="","", TRIM(mid(L36,find(" x ",L36)+3,20)))
Q37: =if(P37="","", sumif(N$3:N130,P37,G$3:G130)) | R37: =if(P37="","", countif(N$3:N130,P37)) | S37: =if(P37="","", averageif(N$3:N130,P37,H$3:H130)) | T37: =if(P37="","",Q37/sum($G$3:$G130)) | V37: =if(L37="","", left(L37, find(" x ",L37)-1)) | W37: =if(L37="","", TRIM(mid(L37,find(" x ",L37)+3,20)))
P38: Desempenho por Clube | V38: =if(L38="","", left(L38, find(" x ",L38)-1)) | W38: =if(L38="","", TRIM(mid(L38,find(" x ",L38)+3,20)))
P39: Clube | Q39: Valor | R39: Qt | S39: %Médio | T39: %Total | V39: =if(L39="","", left(L39, find(" x ",L39)-1)) | W39: =if(L39="","", TRIM(mid(L39,find(" x ",L39)+3,20)))
P40: {=sort(UNIQUE({V3:V120;W3:W120}))} | V40: =if(L40="","", left(L40, find(" x ",L40)-1)) | W40: =if(L40="","", TRIM(mid(L40,find(" x ",L40)+3,20)))
Q41: =if(P41="","", sumif(V$3:V120,P41,G$3:G120)+sumif(W$3:W120,P41,G$3:G120)) | R41: =if(P41="","", countif(V$3:W120,P41)) | S41: =if(P41="","", iferror(averageif(V$3:V120,P41,H$3:H120),0)+iferror(averageif(W$3:W120,P41,H$3:H120),0)) | T41: =if(P41="","",Q41/sum($G$3:$G120)) | V41: =if(L41="","", left(L41, find(" x ",L41)-1)) | W41: =if(L41="","", TRIM(mid(L41,find(" x ",L41)+3,20)))
Q42: =if(P42="","", sumif(V$3:V121,P42,G$3:G121)+sumif(W$3:W121,P42,G$3:G121)) | R42: =if(P42="","", countif(V$3:W121,P42)) | S42: =if(P42="","", iferror(averageif(V$3:V121,P42,H$3:H121),0)+iferror(averageif(W$3:W121,P42,H$3:H121),0)) | T42: =if(P42="","",Q42/sum($G$3:$G121)) | V42: =if(L42="","", left(L42, find(" x ",L42)-1)) | W42: =if(L42="","", TRIM(mid(L42,find(" x ",L42)+3,20)))
Q43: =if(P43="","", sumif(V$3:V122,P43,G$3:G122)+sumif(W$3:W122,P43,G$3:G122)) | R43: =if(P43="","", countif(V$3:W122,P43)) | S43: =if(P43="","", iferror(averageif(V$3:V122,P43,H$3:H122),0)+iferror(averageif(W$3:W122,P43,H$3:H122),0)) | T43: =if(P43="","",Q43/sum($G$3:$G122)) | V43: =if(L43="","", left(L43, find(" x ",L43)-1)) | W43: =if(L43="","", TRIM(mid(L43,find(" x ",L43)+3,20)))
Q44: =if(P44="","", sumif(V$3:V123,P44,G$3:G123)+sumif(W$3:W123,P44,G$3:G123)) | R44: =if(P44="","", countif(V$3:W123,P44)) | S44: =if(P44="","", iferror(averageif(V$3:V123,P44,H$3:H123),0)+iferror(averageif(W$3:W123,P44,H$3:H123),0)) | T44: =if(P44="","",Q44/sum($G$3:$G123)) | V44: =if(L44="","", left(L44, find(" x ",L44)-1)) | W44: =if(L44="","", TRIM(mid(L44,find(" x ",L44)+3,20)))
Q45: =if(P45="","", sumif(V$3:V124,P45,G$3:G124)+sumif(W$3:W124,P45,G$3:G124)) | R45: =if(P45="","", countif(V$3:W124,P45)) | S45: =if(P45="","", iferror(averageif(V$3:V124,P45,H$3:H124),0)+iferror(averageif(W$3:W124,P45,H$3:H124),0)) | T45: =if(P45="","",Q45/sum($G$3:$G124)) | V45: =if(L45="","", left(L45, find(" x ",L45)-1)) | W45: =if(L45="","", TRIM(mid(L45,find(" x ",L45)+3,20)))
Q46: =if(P46="","", sumif(V$3:V125,P46,G$3:G125)+sumif(W$3:W125,P46,G$3:G125)) | R46: =if(P46="","", countif(V$3:W125,P46)) | S46: =if(P46="","", iferror(averageif(V$3:V125,P46,H$3:H125),0)+iferror(averageif(W$3:W125,P46,H$3:H125),0)) | T46: =if(P46="","",Q46/sum($G$3:$G125)) | V46: =if(L46="","", left(L46, find(" x ",L46)-1)) | W46: =if(L46="","", TRIM(mid(L46,find(" x ",L46)+3,20)))
Q47: =if(P47="","", sumif(V$3:V126,P47,G$3:G126)+sumif(W$3:W126,P47,G$3:G126)) | R47: =if(P47="","", countif(V$3:W126,P47)) | S47: =if(P47="","", iferror(averageif(V$3:V126,P47,H$3:H126),0)+iferror(averageif(W$3:W126,P47,H$3:H126),0)) | T47: =if(P47="","",Q47/sum($G$3:$G126)) | V47: =if(L47="","", left(L47, find(" x ",L47)-1)) | W47: =if(L47="","", TRIM(mid(L47,find(" x ",L47)+3,20)))
Q48: =if(P48="","", sumif(V$3:V127,P48,G$3:G127)+sumif(W$3:W127,P48,G$3:G127)) | R48: =if(P48="","", countif(V$3:W127,P48)) | S48: =if(P48="","", iferror(averageif(V$3:V127,P48,H$3:H127),0)+iferror(averageif(W$3:W127,P48,H$3:H127),0)) | T48: =if(P48="","",Q48/sum($G$3:$G127)) | V48: =if(L48="","", left(L48, find(" x ",L48)-1)) | W48: =if(L48="","", TRIM(mid(L48,find(" x ",L48)+3,20)))
Q49: =if(P49="","", sumif(V$3:V128,P49,G$3:G128)+sumif(W$3:W128,P49,G$3:G128)) | R49: =if(P49="","", countif(V$3:W128,P49)) | S49: =if(P49="","", iferror(averageif(V$3:V128,P49,H$3:H128),0)+iferror(averageif(W$3:W128,P49,H$3:H128),0)) | T49: =if(P49="","",Q49/sum($G$3:$G128)) | V49: =if(L49="","", left(L49, find(" x ",L49)-1)) | W49: =if(L49="","", TRIM(mid(L49,find(" x ",L49)+3,20)))
Q50: =if(P50="","", sumif(V$3:V129,P50,G$3:G129)+sumif(W$3:W129,P50,G$3:G129)) | R50: =if(P50="","", countif(V$3:W129,P50)) | S50: =if(P50="","", iferror(averageif(V$3:V129,P50,H$3:H129),0)+iferror(averageif(W$3:W129,P50,H$3:H129),0)) | T50: =if(P50="","",Q50/sum($G$3:$G129)) | V50: =if(L50="","", left(L50, find(" x ",L50)-1)) | W50: =if(L50="","", TRIM(mid(L50,find(" x ",L50)+3,20)))
Q51: =if(P51="","", sumif(V$3:V130,P51,G$3:G130)+sumif(W$3:W130,P51,G$3:G130)) | R51: =if(P51="","", countif(V$3:W130,P51)) | S51: =if(P51="","", iferror(averageif(V$3:V130,P51,H$3:H130),0)+iferror(averageif(W$3:W130,P51,H$3:H130),0)) | T51: =if(P51="","",Q51/sum($G$3:$G130)) | V51: =if(L51="","", left(L51, find(" x ",L51)-1)) | W51: =if(L51="","", TRIM(mid(L51,find(" x ",L51)+3,20)))
Q52: =if(P52="","", sumif(V$3:V131,P52,G$3:G131)+sumif(W$3:W131,P52,G$3:G131)) | R52: =if(P52="","", countif(V$3:W131,P52)) | S52: =if(P52="","", iferror(averageif(V$3:V131,P52,H$3:H131),0)+iferror(averageif(W$3:W131,P52,H$3:H131),0)) | T52: =if(P52="","",Q52/sum($G$3:$G131)) | V52: =if(L52="","", left(L52, find(" x ",L52)-1)) | W52: =if(L52="","", TRIM(mid(L52,find(" x ",L52)+3,20)))
... Q77: =if(P77="","", sumif(V$3:V156,P77,G$3:G156)+sumif(W$3:W156,P77,G$3:G156)) | R77: =if(P77="","", countif(V$3:W156,P77)) | S77: =if(P77="","", iferror(averageif(V$3:V156,P77,H$3:H156),0)+iferror(averageif(W$3:W156,P77,H$3:H156),0)) | T77: =if(P77="","",Q77/sum($G$3:$G156)) | V77: =if(L77="","", left(L77, find(" x ",L77)-1)) | W77: =if(L77="","", TRIM(mid(L77,find(" x ",L77)+3,20)))
Q78: =if(P78="","", sumif(V$3:W120,P78,G$3:G120)) | R78: =if(P78="","", countif(V$3:W157,P78)) | S78: =if(P78="","", iferror(averageif(V$3:V157,P78,H$3:H157),0)+iferror(averageif(W$3:W157,P78,H$3:H157),0)) | T78: =if(P78="","",Q78/sum($G$3:$G157)) | V78: =if(L78="","", left(L78, find(" x ",L78)-1)) | W78: =if(L78="","", TRIM(mid(L78,find(" x ",L78)+3,20)))
Q79: =if(P79="","", sumif(V$3:W121,P79,G$3:G121)) | R79: =if(P79="","", countif(V$3:W158,P79)) | S79: =if(P79="","", iferror(averageif(V$3:V158,P79,H$3:H158),0)+iferror(averageif(W$3:W158,P79,H$3:H158),0)) | T79: =if(P79="","",Q79/sum($G$3:$G158)) | V79: =if(L79="","", left(L79, find(" x ",L79)-1)) | W79: =if(L79="","", TRIM(mid(L79,find(" x ",L79)+3,20)))
Q80: =if(P80="","", sumif(V$3:W122,P80,G$3:G122)) | R80: =if(P80="","", countif(V$3:W159,P80)) | S80: =if(P80="","", iferror(averageif(V$3:V159,P80,H$3:H159),0)+iferror(averageif(W$3:W159,P80,H$3:H159),0)) | T80: =if(P80="","",Q80/sum($G$3:$G159)) | V80: =if(L80="","", left(L80, find(" x ",L80)-1)) | W80: =if(L80="","", TRIM(mid(L80,find(" x ",L80)+3,20)))
Q81: =if(P81="","", sumif(V$3:W123,P81,G$3:G123)) | R81: =if(P81="","", countif(V$3:W160,P81)) | S81: =if(P81="","", iferror(averageif(V$3:V160,P81,H$3:H160),0)+iferror(averageif(W$3:W160,P81,H$3:H160),0)) | T81: =if(P81="","",Q81/sum($G$3:$G160)) | V81: =if(L81="","", left(L81, find(" x ",L81)-1)) | W81: =if(L81="","", TRIM(mid(L81,find(" x ",L81)+3,20)))
Q82: =if(P82="","", sumif(V$3:W124,P82,G$3:G124)) | R82: =if(P82="","", countif(V$3:W161,P82)) | S82: =if(P82="","", iferror(averageif(V$3:V161,P82,H$3:H161),0)+iferror(averageif(W$3:W161,P82,H$3:H161),0)) | T82: =if(P82="","",Q82/sum($G$3:$G161)) | V82: =if(L82="","", left(L82, find(" x ",L82)-1))
Q83: =if(P83="","", sumif(V$3:W125,P83,G$3:G125)) | R83: =if(P83="","", countif(V$3:W162,P83)) | S83: =if(P83="","", iferror(averageif(V$3:V162,P83,H$3:H162),0)+iferror(averageif(W$3:W162,P83,H$3:H162),0)) | T83: =if(P83="","",Q83/sum($G$3:$G162)) | V83: =if(L83="","", left(L83, find(" x ",L83)-1))
Q84: =if(P84="","", sumif(V$3:W126,P84,G$3:G126)) | R84: =if(P84="","", countif(V$3:W163,P84)) | S84: =if(P84="","", iferror(averageif(V$3:V163,P84,H$3:H163),0)+iferror(averageif(W$3:W163,P84,H$3:H163),0)) | T84: =if(P84="","",Q84/sum($G$3:$G163)) | V84: =if(L84="","", left(L84, find(" x ",L84)-1))
Q85: =if(P85="","", sumif(V$3:W127,P85,G$3:G127)) | R85: =if(P85="","", countif(V$3:W164,P85)) | S85: =if(P85="","", iferror(averageif(V$3:V164,P85,H$3:H164),0)+iferror(averageif(W$3:W164,P85,H$3:H164),0)) | T85: =if(P85="","",Q85/sum($G$3:$G164)) | V85: =if(L85="","", left(L85, find(" x ",L85)-1))
Q86: =if(P86="","", sumif(V$3:W128,P86,G$3:G128)) | R86: =if(P86="","", countif(V$3:W165,P86)) | S86: =if(P86="","", iferror(averageif(V$3:V165,P86,H$3:H165),0)+iferror(averageif(W$3:W165,P86,H$3:H165),0)) | T86: =if(P86="","",Q86/sum($G$3:$G165)) | V86: =if(L86="","", left(L86, find(" x ",L86)-1))
Q87: =if(P87="","", sumif(V$3:W129,P87,G$3:G129)) | R87: =if(P87="","", countif(V$3:W166,P87)) | S87: =if(P87="","", iferror(averageif(V$3:V166,P87,H$3:H166),0)+iferror(averageif(W$3:W166,P87,H$3:H166),0)) | T87: =if(P87="","",Q87/sum($G$3:$G166)) | V87: =if(L87="","", left(L87, find(" x ",L87)-1))
Q88: =if(P88="","", sumif(V$3:W130,P88,G$3:G130)) | R88: =if(P88="","", countif(V$3:W167,P88)) | S88: =if(P88="","", iferror(averageif(V$3:V167,P88,H$3:H167),0)+iferror(averageif(W$3:W167,P88,H$3:H167),0)) | T88: =if(P88="","",Q88/sum($G$3:$G167)) | V88: =if(L88="","", left(L88, find(" x ",L88)-1))
Q89: =if(P89="","", sumif(V$3:W131,P89,G$3:G131)) | R89: =if(P89="","", countif(V$3:W168,P89)) | S89: =if(P89="","", iferror(averageif(V$3:V168,P89,H$3:H168),0)+iferror(averageif(W$3:W168,P89,H$3:H168),0)) | T89: =if(P89="","",Q89/sum($G$3:$G168)) | V89: =if(L89="","", left(L89, find(" x ",L89)-1))
Q90: =if(P90="","", sumif(V$3:W132,P90,G$3:G132)) | R90: =if(P90="","", countif(V$3:W169,P90)) | S90: =if(P90="","", iferror(averageif(V$3:V169,P90,H$3:H169),0)+iferror(averageif(W$3:W169,P90,H$3:H169),0)) | T90: =if(P90="","",Q90/sum($G$3:$G169)) | V90: =if(L90="","", left(L90, find(" x ",L90)-1))
V91: =if(L91="","", left(L91, find(" x ",L91)-1))
V92: =if(L92="","", left(L92, find(" x ",L92)-1))
V93: =if(L93="","", left(L93, find(" x ",L93)-1))
V94: =if(L94="","", left(L94, find(" x ",L94)-1))
V95: =if(L95="","", left(L95, find(" x ",L95)-1))
V96: =if(L96="","", left(L96, find(" x ",L96)-1))
V97: =if(L97="","", left(L97, find(" x ",L97)-1))
V98: =if(L98="","", left(L98, find(" x ",L98)-1))
V99: =if(L99="","", left(L99, find(" x ",L99)-1))
V100: =if(L100="","", left(L100, find(" x ",L100)-1))
V101: =if(L101="","", left(L101, find(" x ",L101)-1))
V102: =if(L102="","", left(L102, find(" x ",L102)-1))

Sheet Ciclo 4
A1: =IF(Diretrizes!J3<2,"",Diretrizes!J3) -> 12 | C1: Banca | D1: Banca | E1: Obj/Banca | F1: Obj./Banca
B2: Jogo | C2: Trabalho | D2: Teórica | E2: Trabalho | F2: Teórica | G2: Lucro | H2: %S.B. Trab | I2: Resíduo | J2: Objetivo | L2: Jogo | M2: Estratégia | N2: Campeonato | P2: Início
B3: 1 | C3: =Diretrizes!F3 -> 137.5 | D3: =C3 -> 137.5 | E3: =IF(C3="",,IF(B3="",,C3*J3)) -> 5.5 | F3: =if(D3="",,D3*J3) -> 5.5 | H3: =IF(G3=0,,G3/C3) | I3: =if(G3="",,G3-F3) | J3: =Diretrizes!F4 -> 0.04 | P3: Fim | V3: =if(L3="","", left(L3, find(" x ",L3)-1)) | W3: =if(L3="","", TRIM(mid(L3,find(" x ",L3)+3,20)))
B4: =IF(B3<$A$1,B3+1,if($A$1="",B3+1,"")) -> 2 | C4: =IF(G3<>0,C3+G3,) | D4: =if(C4="",,D3*(1+J3)) | E4: =IF(C4="",,IF(B4="",,C4*J4)) | F4: =if(D4="",,D4*J4) | H4: =IF(G4=0,,G4/C4) | I4: =if(G4="",,G4-F4) | J4: =if(B4<>"",J3*(1-Diretrizes!F$5),) -> 0.04 | K4: =IF(AND(D4>$Q$9,D3<$Q$9),"OK","NOK") -> NOK | V4: =if(L4="","", left(L4, find(" x ",L4)-1)) | W4: =if(L4="","", TRIM(mid(L4,find(" x ",L4)+3,20)))
B5: =IF(B4<$A$1,B4+1,if($A$1="",B4+1,"")) -> 3 | C5: =IF(G4<>0,C4+G4,) | D5: =if(C5="",,D4*(1+J4)) | E5: =IF(C5="",,IF(B5="",,C5*J5)) | F5: =if(D5="",,D5*J5) | H5: =IF(G5=0,,G5/C5) | I5: =if(G5="",,G5-F5) | J5: =if(B5<>"",J4*(1-Diretrizes!F$5),) -> 0.04 | K5: =IF(AND(D5>$Q$9,D4<$Q$9),"OK","NOK") -> NOK | P5: Banca Inicial | Q5: =Diretrizes!F3 -> 137.5 | S5: Resíduo | T5: =SUM(I3:I32) -> 0 | V5: =if(L5="","", left(L5, find(" x ",L5)-1)) | W5: =if(L5="","", TRIM(mid(L5,find(" x ",L5)+3,20)))
B6: =IF(B5<$A$1,B5+1,if($A$1="",B5+1,"")) -> 4 | C6: =IF(G5<>0,C5+G5,) | D6: =if(C6="",,D5*(1+J5)) | E6: =IF(C6="",,IF(B6="",,C6*J6)) | F6: =if(D6="",,D6*J6) | H6: =IF(G6=0,,G6/C6) | I6: =if(G6="",,G6-F6) | J6: =if(B6<>"",J5*(1-Diretrizes!F$5),) -> 0.04 | K6: =IF(AND(D6>$Q$9,D5<$Q$9),"OK","NOK") -> NOK | P6: Banca Atual | Q6: =Q7+C3 -> 137.5 | V6: =if(L6="","", left(L6, find(" x ",L6)-1)) | W6: =if(L6="","", TRIM(mid(L6,find(" x ",L6)+3,20)))
B7: =IF(B6<$A$1,B6+1,if($A$1="",B6+1,"")) -> 5 | C7: =IF(G6<>0,C6+G6,) | D7: =if(C7="",,D6*(1+J6)) | E7: =IF(C7="",,IF(B7="",,C7*J7)) | F7: =if(D7="",,D7*J7) | H7: =IF(G7=0,,G7/C7) | I7: =if(G7="",,G7-F7) | J7: =if(B7<>"",J6*(1-Diretrizes!F$5),) -> 0.04 | K7: =IF(AND(D7>$Q$9,D6<$Q$9),"OK","NOK") -> NOK | P7: Lucro do ciclo | Q7: =SUM(G3:G32) -> 0 | S7: Saque | T7: =IF(G3="",,max(0,Q6-'Ciclo 5'!Q5)) | V7: =if(L7="","", left(L7, find(" x ",L7)-1)) | W7: =if(L7="","", TRIM(mid(L7,find(" x ",L7)+3,20)))
B8: =IF(B7<$A$1,B7+1,if($A$1="",B7+1,"")) -> 6 | C8: =IF(G7<>0,C7+G7,) | D8: =if(C8="",,D7*(1+J7)) | E8: =IF(C8="",,IF(B8="",,C8*J8)) | F8: =if(D8="",,D8*J8) | H8: =IF(G8=0,,G8/C8) | I8: =if(G8="",,G8-F8) | J8: =if(B8<>"",J7*(1-Diretrizes!F$5),) -> 0.04 | K8: =IF(AND(D8>$Q$9,D7<$Q$9),"OK","NOK") -> NOK | P8: Lucro % | Q8: =Q6/C3-1 -> 0 | V8: =if(L8="","", left(L8, find(" x ",L8)-1)) | W8: =if(L8="","", TRIM(mid(L8,find(" x ",L8)+3,20)))
B9: =IF(B8<$A$1,B8+1,if($A$1="",B8+1,"")) -> 7 | C9: =IF(G8<>0,C8+G8,) | D9: =if(C9="",,D8*(1+J8)) | E9: =IF(C9="",,IF(B9="",,C9*J9)) | F9: =if(D9="",,D9*J9) | H9: =IF(G9=0,,G9/C9) | I9: =if(G9="",,G9-F9) | J9: =if(B9<>"",J8*(1-Diretrizes!F$5),) -> 0.04 | K9: =IF(AND(D9>$Q$9,D8<$Q$9),"OK","NOK") -> NOK | V9: =if(L9="","", left(L9, find(" x ",L9)-1)) | W9: =if(L9="","", TRIM(mid(L9,find(" x ",L9)+3,20)))
B10: =IF(B9<$A$1,B9+1,if($A$1="",B9+1,"")) -> 8 | C10: =IF(G9<>0,C9+G9,) | D10: =if(C10="",,D9*(1+J9)) | E10: =IF(C10="",,IF(B10="",,C10*J10)) | F10: =if(D10="",,D10*J10) | H10: =IF(G10=0,,G10/C10) | I10: =if(G10="",,G10-F10) | J10: =if(B10<>"",J9*(1-Diretrizes!F$5),) -> 0.04 | K10: =IF(AND(D10>$Q$9,D9<$Q$9),"OK","NOK") -> NOK | P10: Parar com | Q10: =Diretrizes!F7 -> 206.25 | V10: =if(L10="","", left(L10, find(" x ",L10)-1)) | W10: =if(L10="","", TRIM(mid(L10,find(" x ",L10)+3,20)))
B11: =IF(B10<$A$1,B10+1,if($A$1="",B10+1,"")) -> 9 | C11: =IF(G10<>0,C10+G10,) | D11: =if(C11="",,D10*(1+J10)) | E11: =IF(C11="",,IF(B11="",,C11*J11)) | F11: =if(D11="",,D11*J11) | H11: =IF(G11=0,,G11/C11) | I11: =if(G11="",,G11-F11) | J11: =if(B11<>"",J10*(1-Diretrizes!F$5),) -> 0.04 | K11: =IF(AND(D11>$Q$9,D10<$Q$9),"OK","NOK") -> NOK | V11: =if(L11="","", left(L11, find(" x ",L11)-1)) | W11: =if(L11="","", TRIM(mid(L11,find(" x ",L11)+3,20)))
B12: =IF(B11<$A$1,B11+1,if($A$1="",B11+1,"")) -> 10 | C12: =IF(G11<>0,C11+G11,) | D12: =if(C12="",,D11*(1+J11)) | E12: =IF(C12="",,IF(B12="",,C12*J12)) | F12: =if(D12="",,D12*J12) | H12: =IF(G12=0,,G12/C12) | I12: =if(G12="",,G12-F12) | J12: =if(B12<>"",J11*(1-Diretrizes!F$5),) -> 0.04 | K12: =IF(AND(D12>$Q$9,D11<$Q$9),"OK","NOK") -> NOK | P12: Desempenho por Estratégia | V12: =if(L12="","", left(L12, find(" x ",L12)-1)) | W12: =if(L12="","", TRIM(mid(L12,find(" x ",L12)+3,20)))
B13: =IF(B12<$A$1,B12+1,if($A$1="",B12+1,"")) -> 11 | C13: =IF(G12<>0,C12+G12,) | D13: =if(C13="",,D12*(1+J12)) | E13: =IF(C13="",,IF(B13="",,C13*J13)) | F13: =if(D13="",,D13*J13) | H13: =IF(G13=0,,G13/C13) | I13: =if(G13="",,G13-F13) | J13: =if(B13<>"",J12*(1-Diretrizes!F$5),) -> 0.04 | P13: Estratégia | Q13: Valor | R13: Qt | S13: %Médio | T13: %Total | V13: =if(L13="","", left(L13, find(" x ",L13)-1)) | W13: =if(L13="","", TRIM(mid(L13,find(" x ",L13)+3,20)))
B14: =IF(B13<$A$1,B13+1,if($A$1="",B13+1,"")) -> 12 | C14: =IF(G13<>0,C13+G13,) | D14: =if(C14="",,D13*(1+J13)) | E14: =IF(C14="",,IF(B14="",,C14*J14)) | F14: =if(D14="",,D14*J14) | H14: =IF(G14=0,,G14/C14) | I14: =if(G14="",,G14-F14) | J14: =if(B14<>"",J13*(1-Diretrizes!F$5),) -> 0.04 | P14: {=sort(unique(M3:M122))} | Q14: =if(P14="","", sumif(M$3:M122,P14,G$3:G122)) | R14: =if(P14="","", countif(M$3:M122,P14)) | S14: =if(P14="","", averageif(M$3:M122,P14,H$3:H122)) | T14: =if(P14="","",Q14/sum($G$3:$G122)) | V14: =if(L14="","", left(L14, find(" x ",L14)-1)) | W14: =if(L14="","", TRIM(mid(L14,find(" x ",L14)+3,20)))
B15: =IF(B14<$A$1,B14+1,if($A$1="",B14+1,"")) | C15: =IF(G14<>0,C14+G14,) | D15: =if(C15="",,D14*(1+J14)) | E15: =IF(C15="",,IF(B15="",,C15*J15)) | F15: =if(D15="",,D15*J15) | H15: =IF(G15=0,,G15/C15) | I15: =if(G15="",,G15-F15) | J15: =if(B15<>"",J14*(1-Diretrizes!F$5),) | Q15: =if(P15="","", sumif(M$3:M123,P15,G$3:G123)) | R15: =if(P15="","", countif(M$3:M123,P15)) | S15: =if(P15="","", averageif(M$3:M123,P15,H$3:H123)) | T15: =if(P15="","",Q15/sum($G$3:$G123)) | V15: =if(L15="","", left(L15, find(" x ",L15)-1)) | W15: =if(L15="","", TRIM(mid(L15,find(" x ",L15)+3,20)))
B16: =IF(B15<$A$1,B15+1,if($A$1="",B15+1,"")) | C16: =IF(G15<>0,C15+G15,) | D16: =if(C16="",,D15*(1+J15)) | E16: =IF(C16="",,IF(B16="",,C16*J16)) | F16: =if(D16="",,D16*J16) | H16: =IF(G16=0,,G16/C16) | I16: =if(G16="",,G16-F16) | J16: =if(B16<>"",J15*(1-Diretrizes!F$5),) | Q16: =if(P16="","", sumif(M$3:M124,P16,G$3:G124)) | R16: =if(P16="","", countif(M$3:M124,P16)) | S16: =if(P16="","", averageif(M$3:M124,P16,H$3:H124)) | T16: =if(P16="","",Q16/sum($G$3:$G124)) | V16: =if(L16="","", left(L16, find(" x ",L16)-1)) | W16: =if(L16="","", TRIM(mid(L16,find(" x ",L16)+3,20)))
B17: =IF(B16<$A$1,B16+1,if($A$1="",B16+1,"")) | C17: =IF(G16<>0,C16+G16,) | D17: =if(C17="",,D16*(1+J16)) | E17: =IF(C17="",,IF(B17="",,C17*J17)) | F17: =if(D17="",,D17*J17) | H17: =IF(G17=0,,G17/C17) | I17: =if(G17="",,G17-F17) | J17: =if(B17<>"",J16*(1-Diretrizes!F$5),) | Q17: =if(P17="","", sumif(M$3:M125,P17,G$3:G125)) | R17: =if(P17="","", countif(M$3:M125,P17)) | S17: =if(P17="","", averageif(M$3:M125,P17,H$3:H125)) | T17: =if(P17="","",Q17/sum($G$3:$G125)) | V17: =if(L17="","", left(L17, find(" x ",L17)-1)) | W17: =if(L17="","", TRIM(mid(L17,find(" x ",L17)+3,20)))
B18: =IF(B17<$A$1,B17+1,if($A$1="",B17+1,"")) | C18: =IF(G17<>0,C17+G17,) | D18: =if(C18="",,D17*(1+J17)) | E18: =IF(C18="",,IF(B18="",,C18*J18)) | F18: =if(D18="",,D18*J18) | H18: =IF(G18=0,,G18/C18) | I18: =if(G18="",,G18-F18) | J18: =if(B18<>"",J17*(1-Diretrizes!F$5),) | Q18: =if(P18="","", sumif(M$3:M126,P18,G$3:G126)) | R18: =if(P18="","", countif(M$3:M126,P18)) | S18: =if(P18="","", averageif(M$3:M126,P18,H$3:H126)) | T18: =if(P18="","",Q18/sum($G$3:$G126)) | V18: =if(L18="","", left(L18, find(" x ",L18)-1)) | W18: =if(L18="","", TRIM(mid(L18,find(" x ",L18)+3,20)))
B19: =IF(B18<$A$1,B18+1,if($A$1="",B18+1,"")) | C19: =IF(G18<>0,C18+G18,) | D19: =if(C19="",,D18*(1+J18)) | E19: =IF(C19="",,IF(B19="",,C19*J19)) | F19: =if(D19="",,D19*J19) | H19: =IF(G19=0,,G19/C19) | I19: =if(G19="",,G19-F19) | J19: =if(B19<>"",J18*(1-Diretrizes!F$5),) | Q19: =if(P19="","", sumif(M$3:M127,P19,G$3:G127)) | R19: =if(P19="","", countif(M$3:M127,P19)) | S19: =if(P19="","", averageif(M$3:M127,P19,H$3:H127)) | T19: =if(P19="","",Q19/sum($G$3:$G127)) | V19: =if(L19="","", left(L19, find(" x ",L19)-1)) | W19: =if(L19="","", TRIM(mid(L19,find(" x ",L19)+3,20)))
B20: =IF(B19<$A$1,B19+1,if($A$1="",B19+1,"")) | C20: =IF(G19<>0,C19+G19,) | D20: =if(C20="",,D19*(1+J19)) | E20: =IF(C20="",,IF(B20="",,C20*J20)) | F20: =if(D20="",,D20*J20) | H20: =IF(G20=0,,G20/C20) | I20: =if(G20="",,G20-F20) | J20: =if(B20<>"",J19*(1-Diretrizes!F$5),) | Q20: =if(P20="","", sumif(M$3:M128,P20,G$3:G128)) | R20: =if(P20="","", countif(M$3:M128,P20)) | S20: =if(P20="","", averageif(M$3:M128,P20,H$3:H128)) | T20: =if(P20="","",Q20/sum($G$3:$G128)) | V20: =if(L20="","", left(L20, find(" x ",L20)-1)) | W20: =if(L20="","", TRIM(mid(L20,find(" x ",L20)+3,20)))
B21: =IF(B20<$A$1,B20+1,if($A$1="",B20+1,"")) | C21: =IF(G20<>0,C20+G20,) | D21: =if(C21="",,D20*(1+J20)) | E21: =IF(C21="",,IF(B21="",,C21*J21)) | F21: =if(D21="",,D21*J21) | H21: =IF(G21=0,,G21/C21) | I21: =if(G21="",,G21-F21) | J21: =if(B21<>"",J20*(1-Diretrizes!F$5),) | Q21: =if(P21="","", sumif(M$3:M129,P21,G$3:G129)) | R21: =if(P21="","", countif(M$3:M129,P21)) | S21: =if(P21="","", averageif(M$3:M129,P21,H$3:H129)) | T21: =if(P21="","",Q21/sum($G$3:$G129)) | V21: =if(L21="","", left(L21, find(" x ",L21)-1)) | W21: =if(L21="","", TRIM(mid(L21,find(" x ",L21)+3,20)))
B22: =IF(B21<$A$1,B21+1,if($A$1="",B21+1,"")) | C22: =IF(G21<>0,C21+G21,) | D22: =if(C22="",,D21*(1+J21)) | E22: =IF(C22="",,IF(B22="",,C22*J22)) | F22: =if(D22="",,D22*J22) | H22: =IF(G22=0,,G22/C22) | I22: =if(G22="",,G22-F22) | J22: =if(B22<>"",J21*(1-Diretrizes!F$5),) | Q22: =if(P22="","", sumif(M$3:M130,P22,G$3:G130)) | R22: =if(P22="","", countif(M$3:M130,P22)) | S22: =if(P22="","", averageif(M$3:M130,P22,H$3:H130)) | T22: =if(P22="","",Q22/sum($G$3:$G130)) | V22: =if(L22="","", left(L22, find(" x ",L22)-1)) | W22: =if(L22="","", TRIM(mid(L22,find(" x ",L22)+3,20)))
B23: =IF(B22<$A$1,B22+1,if($A$1="",B22+1,"")) | C23: =IF(G22<>0,C22+G22,) | D23: =if(C23="",,D22*(1+J22)) | E23: =IF(C23="",,IF(B23="",,C23*J23)) | F23: =if(D23="",,D23*J23) | H23: =IF(G23=0,,G23/C23) | I23: =if(G23="",,G23-F23) | J23: =if(B23<>"",J22*(1-Diretrizes!F$5),) | Q23: =if(P23="","", sumif(M$3:M131,P23,G$3:G131)) | R23: =if(P23="","", countif(M$3:M131,P23)) | S23: =if(P23="","", averageif(M$3:M131,P23,H$3:H131)) | T23: =if(P23="","",Q23/sum($G$3:$G131)) | V23: =if(L23="","", left(L23, find(" x ",L23)-1)) | W23: =if(L23="","", TRIM(mid(L23,find(" x ",L23)+3,20)))
B24: =IF(B23<$A$1,B23+1,if($A$1="",B23+1,"")) | C24: =IF(G23<>0,C23+G23,) | D24: =if(C24="",,D23*(1+J23)) | E24: =IF(C24="",,IF(B24="",,C24*J24)) | F24: =if(D24="",,D24*J24) | H24: =IF(G24=0,,G24/C24) | I24: =if(G24="",,G24-F24) | J24: =if(B24<>"",J23*(1-Diretrizes!F$5),) | Q24: =if(P24="","", sumif(M$3:M132,P24,G$3:G132)) | R24: =if(P24="","", countif(M$3:M132,P24)) | S24: =if(P24="","", averageif(M$3:M132,P24,H$3:H132)) | T24: =if(P24="","",Q24/sum($G$3:$G132)) | V24: =if(L24="","", left(L24, find(" x ",L24)-1)) | W24: =if(L24="","", TRIM(mid(L24,find(" x ",L24)+3,20)))
B25: =IF(B24<$A$1,B24+1,if($A$1="",B24+1,"")) | C25: =IF(G24<>0,C24+G24,) | D25: =if(C25="",,D24*(1+J24)) | E25: =IF(C25="",,IF(B25="",,C25*J25)) | F25: =if(D25="",,D25*J25) | H25: =IF(G25=0,,G25/C25) | I25: =if(G25="",,G25-F25) | J25: =if(B25<>"",J24*(1-Diretrizes!F$5),) | P25: Desempenho por Campeonato | V25: =if(L25="","", left(L25, find(" x ",L25)-1)) | W25: =if(L25="","", TRIM(mid(L25,find(" x ",L25)+3,20)))
B26: =IF(B25<$A$1,B25+1,if($A$1="",B25+1,"")) | C26: =IF(G25<>0,C25+G25,) | D26: =if(C26="",,D25*(1+J25)) | E26: =IF(C26="",,IF(B26="",,C26*J26)) | F26: =if(D26="",,D26*J26) | H26: =IF(G26=0,,G26/C26) | I26: =if(G26="",,G26-F26) | J26: =if(B26<>"",J25*(1-Diretrizes!F$5),) | P26: Estratégia | Q26: Valor | R26: Qt | S26: %Médio | T26: %Total | V26: =if(L26="","", left(L26, find(" x ",L26)-1)) | W26: =if(L26="","", TRIM(mid(L26,find(" x ",L26)+3,20)))
B27: =IF(B26<$A$1,B26+1,if($A$1="",B26+1,"")) | C27: =IF(G26<>0,C26+G26,) | D27: =if(C27="",,D26*(1+J26)) | E27: =IF(C27="",,IF(B27="",,C27*J27)) | F27: =if(D27="",,D27*J27) | H27: =IF(G27=0,,G27/C27) | I27: =if(G27="",,G27-F27) | J27: =if(B27<>"",J26*(1-Diretrizes!F$5),) | P27: {=sort(unique(N3:N122))} | Q27: =if(P27="","", sumif(N$3:N122,P27,G$3:G122)) | R27: =if(P27="","", countif(N$3:N122,P27)) | S27: =if(P27="","", averageif(N$3:N122,P27,H$3:H122)) | T27: =if(P27="","",Q27/sum($G3:$G122)) | V27: =if(L27="","", left(L27, find(" x ",L27)-1)) | W27: =if(L27="","", TRIM(mid(L27,find(" x ",L27)+3,20)))
B28: =IF(B27<$A$1,B27+1,if($A$1="",B27+1,"")) | C28: =IF(G27<>0,C27+G27,) | D28: =if(C28="",,D27*(1+J27)) | E28: =IF(C28="",,IF(B28="",,C28*J28)) | F28: =if(D28="",,D28*J28) | H28: =IF(G28=0,,G28/C28) | I28: =if(G28="",,G28-F28) | J28: =if(B28<>"",J27*(1-Diretrizes!F$5),) | Q28: =if(P28="","", sumif(N$3:N123,P28,G$3:G123)) | R28: =if(P28="","", countif(N$3:N123,P28)) | S28: =if(P28="","", averageif(N$3:N123,P28,H$3:H123)) | T28: =if(P28="","",Q28/sum($G4:$G123)) | V28: =if(L28="","", left(L28, find(" x ",L28)-1)) | W28: =if(L28="","", TRIM(mid(L28,find(" x ",L28)+3,20)))
B29: =IF(B28<$A$1,B28+1,if($A$1="",B28+1,"")) | C29: =IF(G28<>0,C28+G28,) | D29: =if(C29="",,D28*(1+J28)) | E29: =IF(C29="",,IF(B29="",,C29*J29)) | F29: =if(D29="",,D29*J29) | H29: =IF(G29=0,,G29/C29) | I29: =if(G29="",,G29-F29) | J29: =if(B29<>"",J28*(1-Diretrizes!F$5),) | Q29: =if(P29="","", sumif(N$3:N124,P29,G$3:G124)) | R29: =if(P29="","", countif(N$3:N124,P29)) | S29: =if(P29="","", averageif(N$3:N124,P29,H$3:H124)) | T29: =if(P29="","",Q29/sum($G5:$G124)) | V29: =if(L29="","", left(L29, find(" x ",L29)-1)) | W29: =if(L29="","", TRIM(mid(L29,find(" x ",L29)+3,20)))
B30: =IF(B29<$A$1,B29+1,if($A$1="",B29+1,"")) | C30: =IF(G29<>0,C29+G29,) | D30: =if(C30="",,D29*(1+J29)) | E30: =IF(C30="",,IF(B30="",,C30*J30)) | F30: =if(D30="",,D30*J30) | H30: =IF(G30=0,,G30/C30) | I30: =if(G30="",,G30-F30) | J30: =if(B30<>"",J29*(1-Diretrizes!F$5),) | Q30: =if(P30="","", sumif(N$3:N125,P30,G$3:G125)) | R30: =if(P30="","", countif(N$3:N125,P30)) | S30: =if(P30="","", averageif(N$3:N125,P30,H$3:H125)) | T30: =if(P30="","",Q30/sum($G6:$G125)) | V30: =if(L30="","", left(L30, find(" x ",L30)-1)) | W30: =if(L30="","", TRIM(mid(L30,find(" x ",L30)+3,20)))
B31: =IF(B30<$A$1,B30+1,if($A$1="",B30+1,"")) | C31: =IF(G30<>0,C30+G30,) | D31: =if(C31="",,D30*(1+J30)) | E31: =IF(C31="",,IF(B31="",,C31*J31)) | F31: =if(D31="",,D31*J31) | H31: =IF(G31=0,,G31/C31) | I31: =if(G31="",,G31-F31) | J31: =if(B31<>"",J30*(1-Diretrizes!F$5),) | Q31: =if(P31="","", sumif(N$3:N126,P31,G$3:G126)) | R31: =if(P31="","", countif(N$3:N126,P31)) | S31: =if(P31="","", averageif(N$3:N126,P31,H$3:H126)) | T31: =if(P31="","",Q31/sum($G7:$G126)) | V31: =if(L31="","", left(L31, find(" x ",L31)-1)) | W31: =if(L31="","", TRIM(mid(L31,find(" x ",L31)+3,20)))
B32: =IF(B31<$A$1,B31+1,if($A$1="",B31+1,"")) | C32: =IF(G31<>0,C31+G31,) | D32: =if(C32="",,D31*(1+J31)) | E32: =IF(C32="",,IF(B32="",,C32*J32)) | F32: =if(D32="",,D32*J32) | H32: =IF(G32=0,,G32/C32) | I32: =if(G32="",,G32-F32) | J32: =if(B32<>"",J31*(1-Diretrizes!F$5),) | Q32: =if(P32="","", sumif(N$3:N127,P32,G$3:G127)) | R32: =if(P32="","", countif(N$3:N127,P32)) | S32: =if(P32="","", averageif(N$3:N127,P32,H$3:H127)) | T32: =if(P32="","",Q32/sum($G8:$G127)) | V32: =if(L32="","", left(L32, find(" x ",L32)-1)) | W32: =if(L32="","", TRIM(mid(L32,find(" x ",L32)+3,20)))
C33: =IF(G32<>0,C32+G32,) | D33: =if(C33="",,D32*(1+J32)) | Q33: =if(P33="","", sumif(N$3:N128,P33,G$3:G128)) | R33: =if(P33="","", countif(N$3:N128,P33)) | S33: =if(P33="","", averageif(N$3:N128,P33,H$3:H128)) | T33: =if(P33="","",Q33/sum($G9:$G128)) | V33: =if(L33="","", left(L33, find(" x ",L33)-1)) | W33: =if(L33="","", TRIM(mid(L33,find(" x ",L33)+3,20)))
Q34: =if(P34="","", sumif(N$3:N129,P34,G$3:G129)) | R34: =if(P34="","", countif(N$3:N129,P34)) | S34: =if(P34="","", averageif(N$3:N129,P34,H$3:H129)) | T34: =if(P34="","",Q34/sum($G10:$G129)) | V34: =if(L34="","", left(L34, find(" x ",L34)-1)) | W34: =if(L34="","", TRIM(mid(L34,find(" x ",L34)+3,20)))
Q35: =if(P35="","", sumif(N$3:N130,P35,G$3:G130)) | R35: =if(P35="","", countif(N$3:N130,P35)) | S35: =if(P35="","", averageif(N$3:N130,P35,H$3:H130)) | T35: =if(P35="","",Q35/sum($G11:$G130)) | V35: =if(L35="","", left(L35, find(" x ",L35)-1)) | W35: =if(L35="","", TRIM(mid(L35,find(" x ",L35)+3,20)))
Q36: =if(P36="","", sumif(N$3:N131,P36,G$3:G131)) | R36: =if(P36="","", countif(N$3:N131,P36)) | S36: =if(P36="","", averageif(N$3:N131,P36,H$3:H131)) | T36: =if(P36="","",Q36/sum($G12:$G131)) | V36: =if(L36="","", left(L36, find(" x ",L36)-1)) | W36: =if(L36="","", TRIM(mid(L36,find(" x ",L36)+3,20)))
Q37: =if(P37="","", sumif(N$3:N132,P37,G$3:G132)) | R37: =if(P37="","", countif(N$3:N132,P37)) | S37: =if(P37="","", averageif(N$3:N132,P37,H$3:H132)) | T37: =if(P37="","",Q37/sum($G13:$G132)) | V37: =if(L37="","", left(L37, find(" x ",L37)-1)) | W37: =if(L37="","", TRIM(mid(L37,find(" x ",L37)+3,20)))
P38: Desempenho por Clube | V38: =if(L38="","", left(L38, find(" x ",L38)-1)) | W38: =if(L38="","", TRIM(mid(L38,find(" x ",L38)+3,20)))
P39: Clube | Q39: Valor | R39: Qt | S39: %Médio | T39: %Total | V39: =if(L39="","", left(L39, find(" x ",L39)-1)) | W39: =if(L39="","", TRIM(mid(L39,find(" x ",L39)+3,20)))
P40: {=sort(UNIQUE({V3:V122;W3:W122}))} | V40: =if(L40="","", left(L40, find(" x ",L40)-1)) | W40: =if(L40="","", TRIM(mid(L40,find(" x ",L40)+3,20)))
Q41: =if(P41="","", sumif(V$3:V122,P41,G$3:G122)+sumif(W$3:W122,P41,G$3:G122)) | R41: =if(P41="","", countif(V$3:W122,P41)) | S41: =if(P41="","", iferror(averageif(V$3:V122,P41,H$3:H122),0)+iferror(averageif(W$3:W122,P41,H$3:H122),0)) | T41: =if(P41="","",Q41/sum($G$3:$G122)) | V41: =if(L41="","", left(L41, find(" x ",L41)-1)) | W41: =if(L41="","", TRIM(mid(L41,find(" x ",L41)+3,20)))
Q42: =if(P42="","", sumif(V$3:V123,P42,G$3:G123)+sumif(W$3:W123,P42,G$3:G123)) | R42: =if(P42="","", countif(V$3:W123,P42)) | S42: =if(P42="","", iferror(averageif(V$3:V123,P42,H$3:H123),0)+iferror(averageif(W$3:W123,P42,H$3:H123),0)) | T42: =if(P42="","",Q42/sum($G$3:$G123)) | V42: =if(L42="","", left(L42, find(" x ",L42)-1)) | W42: =if(L42="","", TRIM(mid(L42,find(" x ",L42)+3,20)))
Q43: =if(P43="","", sumif(V$3:V124,P43,G$3:G124)+sumif(W$3:W124,P43,G$3:G124)) | R43: =if(P43="","", countif(V$3:W124,P43)) | S43: =if(P43="","", iferror(averageif(V$3:V124,P43,H$3:H124),0)+iferror(averageif(W$3:W124,P43,H$3:H124),0)) | T43: =if(P43="","",Q43/sum($G$3:$G124)) | V43: =if(L43="","", left(L43, find(" x ",L43)-1)) | W43: =if(L43="","", TRIM(mid(L43,find(" x ",L43)+3,20)))
Q44: =if(P44="","", sumif(V$3:V125,P44,G$3:G125)+sumif(W$3:W125,P44,G$3:G125)) | R44: =if(P44="","", countif(V$3:W125,P44)) | S44: =if(P44="","", iferror(averageif(V$3:V125,P44,H$3:H125),0)+iferror(averageif(W$3:W125,P44,H$3:H125),0)) | T44: =if(P44="","",Q44/sum($G$3:$G125)) | V44: =if(L44="","", left(L44, find(" x ",L44)-1)) | W44: =if(L44="","", TRIM(mid(L44,find(" x ",L44)+3,20)))
Q45: =if(P45="","", sumif(V$3:V126,P45,G$3:G126)+sumif(W$3:W126,P45,G$3:G126)) | R45: =if(P45="","", countif(V$3:W126,P45)) | S45: =if(P45="","", iferror(averageif(V$3:V126,P45,H$3:H126),0)+iferror(averageif(W$3:W126,P45,H$3:H126),0)) | T45: =if(P45="","",Q45/sum($G$3:$G126)) | V45: =if(L45="","", left(L45, find(" x ",L45)-1)) | W45: =if(L45="","", TRIM(mid(L45,find(" x ",L45)+3,20)))
Q46: =if(P46="","", sumif(V$3:V127,P46,G$3:G127)+sumif(W$3:W127,P46,G$3:G127)) | R46: =if(P46="","", countif(V$3:W127,P46)) | S46: =if(P46="","", iferror(averageif(V$3:V127,P46,H$3:H127),0)+iferror(averageif(W$3:W127,P46,H$3:H127),0)) | T46: =if(P46="","",Q46/sum($G$3:$G127)) | V46: =if(L46="","", left(L46, find(" x ",L46)-1)) | W46: =if(L46="","", TRIM(mid(L46,find(" x ",L46)+3,20)))
Q47: =if(P47="","", sumif(V$3:V128,P47,G$3:G128)+sumif(W$3:W128,P47,G$3:G128)) | R47: =if(P47="","", countif(V$3:W128,P47)) | S47: =if(P47="","", iferror(averageif(V$3:V128,P47,H$3:H128),0)+iferror(averageif(W$3:W128,P47,H$3:H128),0)) | T47: =if(P47="","",Q47/sum($G$3:$G128)) | V47: =if(L47="","", left(L47, find(" x ",L47)-1)) | W47: =if(L47="","", TRIM(mid(L47,find(" x ",L47)+3,20)))
Q48: =if(P48="","", sumif(V$3:V129,P48,G$3:G129)+sumif(W$3:W129,P48,G$3:G129)) | R48: =if(P48="","", countif(V$3:W129,P48)) | S48: =if(P48="","", iferror(averageif(V$3:V129,P48,H$3:H129),0)+iferror(averageif(W$3:W129,P48,H$3:H129),0)) | T48: =if(P48="","",Q48/sum($G$3:$G129)) | V48: =if(L48="","", left(L48, find(" x ",L48)-1)) | W48: =if(L48="","", TRIM(mid(L48,find(" x ",L48)+3,20)))
Q49: =if(P49="","", sumif(V$3:V130,P49,G$3:G130)+sumif(W$3:W130,P49,G$3:G130)) | R49: =if(P49="","", countif(V$3:W130,P49)) | S49: =if(P49="","", iferror(averageif(V$3:V130,P49,H$3:H130),0)+iferror(averageif(W$3:W130,P49,H$3:H130),0)) | T49: =if(P49="","",Q49/sum($G$3:$G130)) | V49: =if(L49="","", left(L49, find(" x ",L49)-1)) | W49: =if(L49="","", TRIM(mid(L49,find(" x ",L49)+3,20)))
Q50: =if(P50="","", sumif(V$3:V131,P50,G$3:G131)+sumif(W$3:W131,P50,G$3:G131)) | R50: =if(P50="","", countif(V$3:W131,P50)) | S50: =if(P50="","", iferror(averageif(V$3:V131,P50,H$3:H131),0)+iferror(averageif(W$3:W131,P50,H$3:H131),0)) | T50: =if(P50="","",Q50/sum($G$3:$G131)) | V50: =if(L50="","", left(L50, find(" x ",L50)-1)) | W50: =if(L50="","", TRIM(mid(L50,find(" x ",L50)+3,20)))
Q51: =if(P51="","", sumif(V$3:V132,P51,G$3:G132)+sumif(W$3:W132,P51,G$3:G132)) | R51: =if(P51="","", countif(V$3:W132,P51)) | S51: =if(P51="","", iferror(averageif(V$3:V132,P51,H$3:H132),0)+iferror(averageif(W$3:W132,P51,H$3:H132),0)) | T51: =if(P51="","",Q51/sum($G$3:$G132)) | V51: =if(L51="","", left(L51, find(" x ",L51)-1)) | W51: =if(L51="","", TRIM(mid(L51,find(" x ",L51)+3,20)))
Q52: =if(P52="","", sumif(V$3:V133,P52,G$3:G133)+sumif(W$3:W133,P52,G$3:G133)) | R52: =if(P52="","", countif(V$3:W133,P52)) | S52: =if(P52="","", iferror(averageif(V$3:V133,P52,H$3:H133),0)+iferror(averageif(W$3:W133,P52,H$3:H133),0)) | T52: =if(P52="","",Q52/sum($G$3:$G133)) | V52: =if(L52="","", left(L52, find(" x ",L52)-1)) | W52: =if(L52="","", TRIM(mid(L52,find(" x ",L52)+3,20)))
... Q78: =if(P78="","", sumif(V$3:V159,P78,G$3:G159)+sumif(W$3:W159,P78,G$3:G159)) | R78: =if(P78="","", countif(V$3:W159,P78)) | S78: =if(P78="","", iferror(averageif(V$3:V159,P78,H$3:H159),0)+iferror(averageif(W$3:W159,P78,H$3:H159),0)) | T78: =if(P78="","",Q78/sum($G$3:$G159)) | V78: =if(L78="","", left(L78, find(" x ",L78)-1)) | W78: =if(L78="","", TRIM(mid(L78,find(" x ",L78)+3,20)))
Q79: =if(P79="","", sumif(V$3:V160,P79,G$3:G160)+sumif(W$3:W160,P79,G$3:G160)) | R79: =if(P79="","", countif(V$3:W160,P79)) | S79: =if(P79="","", iferror(averageif(V$3:V160,P79,H$3:H160),0)+iferror(averageif(W$3:W160,P79,H$3:H160),0)) | T79: =if(P79="","",Q79/sum($G$3:$G160)) | V79: =if(L79="","", left(L79, find(" x ",L79)-1))
Q80: =if(P80="","", sumif(V$3:V161,P80,G$3:G161)+sumif(W$3:W161,P80,G$3:G161)) | R80: =if(P80="","", countif(V$3:W161,P80)) | S80: =if(P80="","", iferror(averageif(V$3:V161,P80,H$3:H161),0)+iferror(averageif(W$3:W161,P80,H$3:H161),0)) | T80: =if(P80="","",Q80/sum($G$3:$G161)) | V80: =if(L80="","", left(L80, find(" x ",L80)-1))
Q81: =if(P81="","", sumif(V$3:V162,P81,G$3:G162)+sumif(W$3:W162,P81,G$3:G162)) | R81: =if(P81="","", countif(V$3:W162,P81)) | S81: =if(P81="","", iferror(averageif(V$3:V162,P81,H$3:H162),0)+iferror(averageif(W$3:W162,P81,H$3:H162),0)) | T81: =if(P81="","",Q81/sum($G$3:$G162)) | V81: =if(L81="","", left(L81, find(" x ",L81)-1))
Q82: =if(P82="","", sumif(V$3:V163,P82,G$3:G163)+sumif(W$3:W163,P82,G$3:G163)) | R82: =if(P82="","", countif(V$3:W163,P82)) | S82: =if(P82="","", iferror(averageif(V$3:V163,P82,H$3:H163),0)+iferror(averageif(W$3:W163,P82,H$3:H163),0)) | T82: =if(P82="","",Q82/sum($G$3:$G163)) | V82: =if(L82="","", left(L82, find(" x ",L82)-1))
Q83: =if(P83="","", sumif(V$3:V164,P83,G$3:G164)+sumif(W$3:W164,P83,G$3:G164)) | R83: =if(P83="","", countif(V$3:W164,P83)) | S83: =if(P83="","", iferror(averageif(V$3:V164,P83,H$3:H164),0)+iferror(averageif(W$3:W164,P83,H$3:H164),0)) | T83: =if(P83="","",Q83/sum($G$3:$G164)) | V83: =if(L83="","", left(L83, find(" x ",L83)-1))
Q84: =if(P84="","", sumif(V$3:W122,P84,G$3:G122)) | R84: =if(P84="","", countif(V$3:W165,P84)) | S84: =if(P84="","", iferror(averageif(V$3:V165,P84,H$3:H165),0)+iferror(averageif(W$3:W165,P84,H$3:H165),0)) | T84: =if(P84="","",Q84/sum($G$3:$G165)) | V84: =if(L84="","", left(L84, find(" x ",L84)-1))
Q85: =if(P85="","", sumif(V$3:W123,P85,G$3:G123)) | R85: =if(P85="","", countif(V$3:W166,P85)) | S85: =if(P85="","", iferror(averageif(V$3:V166,P85,H$3:H166),0)+iferror(averageif(W$3:W166,P85,H$3:H166),0)) | T85: =if(P85="","",Q85/sum($G$3:$G166)) | V85: =if(L85="","", left(L85, find(" x ",L85)-1))
Q86: =if(P86="","", sumif(V$3:W124,P86,G$3:G124)) | R86: =if(P86="","", countif(V$3:W167,P86)) | S86: =if(P86="","", iferror(averageif(V$3:V167,P86,H$3:H167),0)+iferror(averageif(W$3:W167,P86,H$3:H167),0)) | T86: =if(P86="","",Q86/sum($G$3:$G167)) | V86: =if(L86="","", left(L86, find(" x ",L86)-1))
Q87: =if(P87="","", sumif(V$3:W125,P87,G$3:G125)) | R87: =if(P87="","", countif(V$3:W168,P87)) | S87: =if(P87="","", iferror(averageif(V$3:V168,P87,H$3:H168),0)+iferror(averageif(W$3:W168,P87,H$3:H168),0)) | T87: =if(P87="","",Q87/sum($G$3:$G168)) | V87: =if(L87="","", left(L87, find(" x ",L87)-1))
Q88: =if(P88="","", sumif(V$3:W126,P88,G$3:G126)) | R88: =if(P88="","", countif(V$3:W169,P88)) | S88: =if(P88="","", iferror(averageif(V$3:V169,P88,H$3:H169),0)+iferror(averageif(W$3:W169,P88,H$3:H169),0)) | T88: =if(P88="","",Q88/sum($G$3:$G169)) | V88: =if(L88="","", left(L88, find(" x ",L88)-1))
Q89: =if(P89="","", sumif(V$3:W127,P89,G$3:G127)) | R89: =if(P89="","", countif(V$3:W170,P89)) | S89: =if(P89="","", iferror(averageif(V$3:V170,P89,H$3:H170),0)+iferror(averageif(W$3:W170,P89,H$3:H170),0)) | T89: =if(P89="","",Q89/sum($G$3:$G170)) | V89: =if(L89="","", left(L89, find(" x ",L89)-1))
Q90: =if(P90="","", sumif(V$3:W128,P90,G$3:G128)) | R90: =if(P90="","", countif(V$3:W171,P90)) | S90: =if(P90="","", iferror(averageif(V$3:V171,P90,H$3:H171),0)+iferror(averageif(W$3:W171,P90,H$3:H171),0)) | T90: =if(P90="","",Q90/sum($G$3:$G171)) | V90: =if(L90="","", left(L90, find(" x ",L90)-1))
Q91: =if(P91="","", sumif(V$3:W129,P91,G$3:G129)) | R91: =if(P91="","", countif(V$3:W172,P91)) | S91: =if(P91="","", iferror(averageif(V$3:V172,P91,H$3:H172),0)+iferror(averageif(W$3:W172,P91,H$3:H172),0)) | T91: =if(P91="","",Q91/sum($G$3:$G172)) | V91: =if(L91="","", left(L91, find(" x ",L91)-1))
Q92: =if(P92="","", sumif(V$3:W130,P92,G$3:G130)) | R92: =if(P92="","", countif(V$3:W173,P92)) | S92: =if(P92="","", iferror(averageif(V$3:V173,P92,H$3:H173),0)+iferror(averageif(W$3:W173,P92,H$3:H173),0)) | T92: =if(P92="","",Q92/sum($G$3:$G173))
Q93: =if(P93="","", sumif(V$3:W131,P93,G$3:G131)) | R93: =if(P93="","", countif(V$3:W174,P93)) | S93: =if(P93="","", iferror(averageif(V$3:V174,P93,H$3:H174),0)+iferror(averageif(W$3:W174,P93,H$3:H174),0)) | T93: =if(P93="","",Q93/sum($G$3:$G174))
Q94: =if(P94="","", sumif(V$3:W132,P94,G$3:G132)) | R94: =if(P94="","", countif(V$3:W175,P94)) | S94: =if(P94="","", iferror(averageif(V$3:V175,P94,H$3:H175),0)+iferror(averageif(W$3:W175,P94,H$3:H175),0)) | T94: =if(P94="","",Q94/sum($G$3:$G175))
Q95: =if(P95="","", sumif(V$3:W133,P95,G$3:G133)) | R95: =if(P95="","", countif(V$3:W176,P95)) | S95: =if(P95="","", iferror(averageif(V$3:V176,P95,H$3:H176),0)+iferror(averageif(W$3:W176,P95,H$3:H176),0)) | T95: =if(P95="","",Q95/sum($G$3:$G176))
Q96: =if(P96="","", sumif(V$3:W134,P96,G$3:G134)) | R96: =if(P96="","", countif(V$3:W177,P96)) | S96: =if(P96="","", iferror(averageif(V$3:V177,P96,H$3:H177),0)+iferror(averageif(W$3:W177,P96,H$3:H177),0)) | T96: =if(P96="","",Q96/sum($G$3:$G177))
Q97: =if(P97="","", sumif(V$3:W135,P97,G$3:G135)) | R97: =if(P97="","", countif(V$3:W178,P97)) | S97: =if(P97="","", iferror(averageif(V$3:V178,P97,H$3:H178),0)+iferror(averageif(W$3:W178,P97,H$3:H178),0)) | T97: =if(P97="","",Q97/sum($G$3:$G178))

Sheet Ciclo 5
A1: =IF(Diretrizes!J3<2,"",Diretrizes!J3) -> 12 | C1: Banca | D1: Banca | E1: Obj/Banca | F1: Obj./Banca
B2: Jogo | C2: Trabalho | D2: Teórica | E2: Trabalho | F2: Teórica | G2: Lucro | H2: %S.B. Trab | I2: Residuo | J2: Objetivo | L2: Jogo | M2: Estratégia | N2: Campeonato | P2: Início
B3: 1 | C3: =Diretrizes!G3 -> 156.25 | D3: =C3 -> 156.25 | E3: =if(C3="",,IF(B3="",,C3*J3)) -> 6.25 | F3: =if(D3="",,D3*J3) -> 6.25 | H3: =IF(G3=0,,G3/C3) | I3: =if(G3="",,G3-F3) | J3: =Diretrizes!G4 -> 0.04 | P3: Fim | V3: =if(L3="","", left(L3, find(" x ",L3)-1)) | W3: =if(L3="","", TRIM(mid(L3,find(" x ",L3)+3,20)))
B4: =IF(B3<$A$1,B3+1,if($A$1="",B3+1,"")) -> 2 | C4: =IF(G3<>0,C3+G3,) | D4: =if(C4="",,D3*(1+J3)) | E4: =if(C4="",,IF(B4="",,C4*J4)) | F4: =if(D4="",,D4*J4) | H4: =IF(G4=0,,G4/C4) | I4: =IF(G4=0,,G4-F4) | J4: =if(B4<>"",J3*(1-Diretrizes!G$5),) -> 0.04 | K4: =IF(AND(D4>$Q$9,D3<$Q$9),"OK","NOK") -> NOK | V4: =if(L4="","", left(L4, find(" x ",L4)-1)) | W4: =if(L4="","", TRIM(mid(L4,find(" x ",L4)+3,20)))
B5: =IF(B4<$A$1,B4+1,if($A$1="",B4+1,"")) -> 3 | C5: =IF(G4<>0,C4+G4,) | D5: =if(C5="",,D4*(1+J4)) | E5: =if(C5="",,IF(B5="",,C5*J5)) | F5: =if(D5="",,D5*J5) | H5: =IF(G5=0,,G5/C5) | I5: =IF(G5=0,,G5-F5) | J5: =if(B5<>"",J4*(1-Diretrizes!G$5),) -> 0.04 | K5: =IF(AND(D5>$Q$9,D4<$Q$9),"OK","NOK") -> NOK | P5: Banca Inicial | Q5: =Diretrizes!G3 -> 156.25 | S5: Resíduo | T5: =SUM(I3:I32) -> 0 | V5: =if(L5="","", left(L5, find(" x ",L5)-1)) | W5: =if(L5="","", TRIM(mid(L5,find(" x ",L5)+3,20)))
B6: =IF(B5<$A$1,B5+1,if($A$1="",B5+1,"")) -> 4 | C6: =IF(G5<>0,C5+G5,) | D6: =if(C6="",,D5*(1+J5)) | E6: =if(C6="",,IF(B6="",,C6*J6)) | F6: =if(D6="",,D6*J6) | H6: =IF(G6=0,,G6/C6) | I6: =IF(G6=0,,G6-F6) | J6: =if(B6<>"",J5*(1-Diretrizes!G$5),) -> 0.04 | K6: =IF(AND(D6>$Q$9,D5<$Q$9),"OK","NOK") -> NOK | P6: Banca Atual | Q6: =Q7+C3 -> 156.25 | V6: =if(L6="","", left(L6, find(" x ",L6)-1)) | W6: =if(L6="","", TRIM(mid(L6,find(" x ",L6)+3,20)))
B7: =IF(B6<$A$1,B6+1,if($A$1="",B6+1,"")) -> 5 | C7: =IF(G6<>0,C6+G6,) | D7: =if(C7="",,D6*(1+J6)) | E7: =if(C7="",,IF(B7="",,C7*J7)) | F7: =if(D7="",,D7*J7) | H7: =IF(G7=0,,G7/C7) | I7: =IF(G7=0,,G7-F7) | J7: =if(B7<>"",J6*(1-Diretrizes!G$5),) -> 0.04 | K7: =IF(AND(D7>$Q$9,D6<$Q$9),"OK","NOK") -> NOK | P7: Lucro do ciclo | Q7: =SUM(G3:G32) -> 0 | S7: Saque | T7: =IF(G3=0,,Q6) | V7: =if(L7="","", left(L7, find(" x ",L7)-1)) | W7: =if(L7="","", TRIM(mid(L7,find(" x ",L7)+3,20)))
B8: =IF(B7<$A$1,B7+1,if($A$1="",B7+1,"")) -> 6 | C8: =IF(G7<>0,C7+G7,) | D8: =if(C8="",,D7*(1+J7)) | E8: =if(C8="",,IF(B8="",,C8*J8)) | F8: =if(D8="",,D8*J8) | H8: =IF(G8=0,,G8/C8) | I8: =IF(G8=0,,G8-F8) | J8: =if(B8<>"",J7*(1-Diretrizes!G$5),) -> 0.04 | K8: =IF(AND(D8>$Q$9,D7<$Q$9),"OK","NOK") -> NOK | P8: Lucro % | Q8: =Q6/C3-1 -> 0 | V8: =if(L8="","", left(L8, find(" x ",L8)-1)) | W8: =if(L8="","", TRIM(mid(L8,find(" x ",L8)+3,20)))
B9: =IF(B8<$A$1,B8+1,if($A$1="",B8+1,"")) -> 7 | C9: =IF(G8<>0,C8+G8,) | D9: =if(C9="",,D8*(1+J8)) | E9: =if(C9="",,IF(B9="",,C9*J9)) | F9: =if(D9="",,D9*J9) | H9: =IF(G9=0,,G9/C9) | I9: =IF(G9=0,,G9-F9) | J9: =if(B9<>"",J8*(1-Diretrizes!G$5),) -> 0.04 | K9: =IF(AND(D9>$Q$9,D8<$Q$9),"OK","NOK") -> NOK | V9: =if(L9="","", left(L9, find(" x ",L9)-1)) | W9: =if(L9="","", TRIM(mid(L9,find(" x ",L9)+3,20)))
B10: =IF(B9<$A$1,B9+1,if($A$1="",B9+1,"")) -> 8 | C10: =IF(G9<>0,C9+G9,) | D10: =if(C10="",,D9*(1+J9)) | E10: =if(C10="",,IF(B10="",,C10*J10)) | F10: =if(D10="",,D10*J10) | H10: =IF(G10=0,,G10/C10) | I10: =IF(G10=0,,G10-F10) | J10: =if(B10<>"",J9*(1-Diretrizes!G$5),) -> 0.04 | K10: =IF(AND(D10>$Q$9,D9<$Q$9),"OK","NOK") -> NOK | P10: Parar com | Q10: =Diretrizes!G7 -> 234.375 | V10: =if(L10="","", left(L10, find(" x ",L10)-1)) | W10: =if(L10="","", TRIM(mid(L10,find(" x ",L10)+3,20)))
B11: =IF(B10<$A$1,B10+1,if($A$1="",B10+1,"")) -> 9 | C11: =IF(G10<>0,C10+G10,) | D11: =if(C11="",,D10*(1+J10)) | E11: =if(C11="",,IF(B11="",,C11*J11)) | F11: =if(D11="",,D11*J11) | H11: =IF(G11=0,,G11/C11) | I11: =IF(G11=0,,G11-F11) | J11: =if(B11<>"",J10*(1-Diretrizes!G$5),) -> 0.04 | K11: =IF(AND(D11>$Q$9,D10<$Q$9),"OK","NOK") -> NOK | V11: =if(L11="","", left(L11, find(" x ",L11)-1)) | W11: =if(L11="","", TRIM(mid(L11,find(" x ",L11)+3,20)))
B12: =IF(B11<$A$1,B11+1,if($A$1="",B11+1,"")) -> 10 | C12: =IF(G11<>0,C11+G11,) | D12: =if(C12="",,D11*(1+J11)) | E12: =if(C12="",,IF(B12="",,C12*J12)) | F12: =if(D12="",,D12*J12) | H12: =IF(G12=0,,G12/C12) | I12: =IF(G12=0,,G12-F12) | J12: =if(B12<>"",J11*(1-Diretrizes!G$5),) -> 0.04 | K12: =IF(AND(D12>$Q$9,D11<$Q$9),"OK","NOK") -> NOK | P12: Desempenho por Estratégia | V12: =if(L12="","", left(L12, find(" x ",L12)-1)) | W12: =if(L12="","", TRIM(mid(L12,find(" x ",L12)+3,20)))
B13: =IF(B12<$A$1,B12+1,if($A$1="",B12+1,"")) -> 11 | C13: =IF(G12<>0,C12+G12,) | D13: =if(C13="",,D12*(1+J12)) | E13: =if(C13="",,IF(B13="",,C13*J13)) | F13: =if(D13="",,D13*J13) | H13: =IF(G13=0,,G13/C13) | I13: =IF(G13=0,,G13-F13) | J13: =if(B13<>"",J12*(1-Diretrizes!G$5),) -> 0.04 | P13: Estratégia | Q13: Valor | R13: Qt | S13: %Médio | T13: %Total | V13: =if(L13="","", left(L13, find(" x ",L13)-1)) | W13: =if(L13="","", TRIM(mid(L13,find(" x ",L13)+3,20)))
B14: =IF(B13<$A$1,B13+1,if($A$1="",B13+1,"")) -> 12 | C14: =IF(G13<>0,C13+G13,) | D14: =if(C14="",,D13*(1+J13)) | E14: =if(C14="",,IF(B14="",,C14*J14)) | F14: =if(D14="",,D14*J14) | H14: =IF(G14=0,,G14/C14) | I14: =IF(G14=0,,G14-F14) | J14: =if(B14<>"",J13*(1-Diretrizes!G$5),) -> 0.04 | P14: {=sort(unique(M3:M122))} | Q14: =if(P14="","", sumif(M$3:M122,P14,G$3:G122)) | R14: =if(P14="","", countif(M$3:M122,P14)) | S14: =if(P14="","", averageif(M$3:M122,P14,H$3:H122)) | T14: =if(P14="","",Q14/sum($G$3:$G122)) | V14: =if(L14="","", left(L14, find(" x ",L14)-1)) | W14: =if(L14="","", TRIM(mid(L14,find(" x ",L14)+3,20)))
B15: =IF(B14<$A$1,B14+1,if($A$1="",B14+1,"")) | C15: =IF(G14<>0,C14+G14,) | D15: =if(C15="",,D14*(1+J14)) | E15: =if(C15="",,IF(B15="",,C15*J15)) | F15: =if(D15="",,D15*J15) | H15: =IF(G15=0,,G15/C15) | I15: =IF(G15=0,,G15-F15) | J15: =if(B15<>"",J14*(1-Diretrizes!G$5),) | Q15: =if(P15="","", sumif(M$3:M123,P15,G$3:G123)) | R15: =if(P15="","", countif(M$3:M123,P15)) | S15: =if(P15="","", averageif(M$3:M123,P15,H$3:H123)) | T15: =if(P15="","",Q15/sum($G$3:$G123)) | V15: =if(L15="","", left(L15, find(" x ",L15)-1)) | W15: =if(L15="","", TRIM(mid(L15,find(" x ",L15)+3,20)))
B16: =IF(B15<$A$1,B15+1,if($A$1="",B15+1,"")) | C16: =IF(G15<>0,C15+G15,) | D16: =if(C16="",,D15*(1+J15)) | E16: =if(C16="",,IF(B16="",,C16*J16)) | F16: =if(D16="",,D16*J16) | H16: =IF(G16=0,,G16/C16) | I16: =IF(G16=0,,G16-F16) | J16: =if(B16<>"",J15*(1-Diretrizes!G$5),) | Q16: =if(P16="","", sumif(M$3:M124,P16,G$3:G124)) | R16: =if(P16="","", countif(M$3:M124,P16)) | S16: =if(P16="","", averageif(M$3:M124,P16,H$3:H124)) | T16: =if(P16="","",Q16/sum($G$3:$G124)) | V16: =if(L16="","", left(L16, find(" x ",L16)-1)) | W16: =if(L16="","", TRIM(mid(L16,find(" x ",L16)+3,20)))
B17: =IF(B16<$A$1,B16+1,if($A$1="",B16+1,"")) | C17: =IF(G16<>0,C16+G16,) | D17: =if(C17="",,D16*(1+J16)) | E17: =if(C17="",,IF(B17="",,C17*J17)) | F17: =if(D17="",,D17*J17) | H17: =IF(G17=0,,G17/C17) | I17: =IF(G17=0,,G17-F17) | J17: =if(B17<>"",J16*(1-Diretrizes!G$5),) | Q17: =if(P17="","", sumif(M$3:M125,P17,G$3:G125)) | R17: =if(P17="","", countif(M$3:M125,P17)) | S17: =if(P17="","", averageif(M$3:M125,P17,H$3:H125)) | T17: =if(P17="","",Q17/sum($G$3:$G125)) | V17: =if(L17="","", left(L17, find(" x ",L17)-1)) | W17: =if(L17="","", TRIM(mid(L17,find(" x ",L17)+3,20)))
B18: =IF(B17<$A$1,B17+1,if($A$1="",B17+1,"")) | C18: =IF(G17<>0,C17+G17,) | D18: =if(C18="",,D17*(1+J17)) | E18: =if(C18="",,IF(B18="",,C18*J18)) | F18: =if(D18="",,D18*J18) | H18: =IF(G18=0,,G18/C18) | I18: =IF(G18=0,,G18-F18) | J18: =if(B18<>"",J17*(1-Diretrizes!G$5),) | Q18: =if(P18="","", sumif(M$3:M126,P18,G$3:G126)) | R18: =if(P18="","", countif(M$3:M126,P18)) | S18: =if(P18="","", averageif(M$3:M126,P18,H$3:H126)) | T18: =if(P18="","",Q18/sum($G$3:$G126)) | V18: =if(L18="","", left(L18, find(" x ",L18)-1)) | W18: =if(L18="","", TRIM(mid(L18,find(" x ",L18)+3,20)))
B19: =IF(B18<$A$1,B18+1,if($A$1="",B18+1,"")) | C19: =IF(G18<>0,C18+G18,) | D19: =if(C19="",,D18*(1+J18)) | E19: =if(C19="",,IF(B19="",,C19*J19)) | F19: =if(D19="",,D19*J19) | H19: =IF(G19=0,,G19/C19) | I19: =IF(G19=0,,G19-F19) | J19: =if(B19<>"",J18*(1-Diretrizes!G$5),) | Q19: =if(P19="","", sumif(M$3:M127,P19,G$3:G127)) | R19: =if(P19="","", countif(M$3:M127,P19)) | S19: =if(P19="","", averageif(M$3:M127,P19,H$3:H127)) | T19: =if(P19="","",Q19/sum($G$3:$G127)) | V19: =if(L19="","", left(L19, find(" x ",L19)-1)) | W19: =if(L19="","", TRIM(mid(L19,find(" x ",L19)+3,20)))
B20: =IF(B19<$A$1,B19+1,if($A$1="",B19+1,"")) | C20: =IF(G19<>0,C19+G19,) | D20: =if(C20="",,D19*(1+J19)) | E20: =if(C20="",,IF(B20="",,C20*J20)) | F20: =if(D20="",,D20*J20) | H20: =IF(G20=0,,G20/C20) | I20: =IF(G20=0,,G20-F20) | J20: =if(B20<>"",J19*(1-Diretrizes!G$5),) | Q20: =if(P20="","", sumif(M$3:M128,P20,G$3:G128)) | R20: =if(P20="","", countif(M$3:M128,P20)) | S20: =if(P20="","", averageif(M$3:M128,P20,H$3:H128)) | T20: =if(P20="","",Q20/sum($G$3:$G128)) | V20: =if(L20="","", left(L20, find(" x ",L20)-1)) | W20: =if(L20="","", TRIM(mid(L20,find(" x ",L20)+3,20)))
B21: =IF(B20<$A$1,B20+1,if($A$1="",B20+1,"")) | C21: =IF(G20<>0,C20+G20,) | D21: =if(C21="",,D20*(1+J20)) | E21: =if(C21="",,IF(B21="",,C21*J21)) | F21: =if(D21="",,D21*J21) | H21: =IF(G21=0,,G21/C21) | I21: =IF(G21=0,,G21-F21) | J21: =if(B21<>"",J20*(1-Diretrizes!G$5),) | Q21: =if(P21="","", sumif(M$3:M129,P21,G$3:G129)) | R21: =if(P21="","", countif(M$3:M129,P21)) | S21: =if(P21="","", averageif(M$3:M129,P21,H$3:H129)) | T21: =if(P21="","",Q21/sum($G$3:$G129)) | V21: =if(L21="","", left(L21, find(" x ",L21)-1)) | W21: =if(L21="","", TRIM(mid(L21,find(" x ",L21)+3,20)))
B22: =IF(B21<$A$1,B21+1,if($A$1="",B21+1,"")) | C22: =IF(G21<>0,C21+G21,) | D22: =if(C22="",,D21*(1+J21)) | E22: =if(C22="",,IF(B22="",,C22*J22)) | F22: =if(D22="",,D22*J22) | H22: =IF(G22=0,,G22/C22) | I22: =IF(G22=0,,G22-F22) | J22: =if(B22<>"",J21*(1-Diretrizes!G$5),) | Q22: =if(P22="","", sumif(M$3:M130,P22,G$3:G130)) | R22: =if(P22="","", countif(M$3:M130,P22)) | S22: =if(P22="","", averageif(M$3:M130,P22,H$3:H130)) | T22: =if(P22="","",Q22/sum($G$3:$G130)) | V22: =if(L22="","", left(L22, find(" x ",L22)-1)) | W22: =if(L22="","", TRIM(mid(L22,find(" x ",L22)+3,20)))
B23: =IF(B22<$A$1,B22+1,if($A$1="",B22+1,"")) | C23: =IF(G22<>0,C22+G22,) | D23: =if(C23="",,D22*(1+J22)) | E23: =if(C23="",,IF(B23="",,C23*J23)) | F23: =if(D23="",,D23*J23) | H23: =IF(G23=0,,G23/C23) | I23: =IF(G23=0,,G23-F23) | J23: =if(B23<>"",J22*(1-Diretrizes!G$5),) | Q23: =if(P23="","", sumif(M$3:M131,P23,G$3:G131)) | R23: =if(P23="","", countif(M$3:M131,P23)) | S23: =if(P23="","", averageif(M$3:M131,P23,H$3:H131)) | T23: =if(P23="","",Q23/sum($G$3:$G131)) | V23: =if(L23="","", left(L23, find(" x ",L23)-1)) | W23: =if(L23="","", TRIM(mid(L23,find(" x ",L23)+3,20)))
B24: =IF(B23<$A$1,B23+1,if($A$1="",B23+1,"")) | C24: =IF(G23<>0,C23+G23,) | D24: =if(C24="",,D23*(1+J23)) | E24: =if(C24="",,IF(B24="",,C24*J24)) | F24: =if(D24="",,D24*J24) | H24: =IF(G24=0,,G24/C24) | I24: =IF(G24=0,,G24-F24) | J24: =if(B24<>"",J23*(1-Diretrizes!G$5),) | Q24: =if(P24="","", sumif(M$3:M132,P24,G$3:G132)) | R24: =if(P24="","", countif(M$3:M132,P24)) | S24: =if(P24="","", averageif(M$3:M132,P24,H$3:H132)) | T24: =if(P24="","",Q24/sum($G$3:$G132)) | V24: =if(L24="","", left(L24, find(" x ",L24)-1)) | W24: =if(L24="","", TRIM(mid(L24,find(" x ",L24)+3,20)))
B25: =IF(B24<$A$1,B24+1,if($A$1="",B24+1,"")) | C25: =IF(G24<>0,C24+G24,) | D25: =if(C25="",,D24*(1+J24)) | E25: =if(C25="",,IF(B25="",,C25*J25)) | F25: =if(D25="",,D25*J25) | H25: =IF(G25=0,,G25/C25) | I25: =IF(G25=0,,G25-F25) | J25: =if(B25<>"",J24*(1-Diretrizes!G$5),) | P25: Desempenho por Campeonato | V25: =if(L25="","", left(L25, find(" x ",L25)-1)) | W25: =if(L25="","", TRIM(mid(L25,find(" x ",L25)+3,20)))
B26: =IF(B25<$A$1,B25+1,if($A$1="",B25+1,"")) | C26: =IF(G25<>0,C25+G25,) | D26: =if(C26="",,D25*(1+J25)) | E26: =if(C26="",,IF(B26="",,C26*J26)) | F26: =if(D26="",,D26*J26) | H26: =IF(G26=0,,G26/C26) | I26: =IF(G26=0,,G26-F26) | J26: =if(B26<>"",J25*(1-Diretrizes!G$5),) | P26: Estratégia | Q26: Valor | R26: Qt | S26: %Médio | T26: %Total | V26: =if(L26="","", left(L26, find(" x ",L26)-1)) | W26: =if(L26="","", TRIM(mid(L26,find(" x ",L26)+3,20)))
B27: =IF(B26<$A$1,B26+1,if($A$1="",B26+1,"")) | C27: =IF(G26<>0,C26+G26,) | D27: =if(C27="",,D26*(1+J26)) | E27: =if(C27="",,IF(B27="",,C27*J27)) | F27: =if(D27="",,D27*J27) | H27: =IF(G27=0,,G27/C27) | I27: =IF(G27=0,,G27-F27) | J27: =if(B27<>"",J26*(1-Diretrizes!G$5),) | P27: {=sort(unique(N3:N122))} | Q27: =if(P27="","", sumif(N$3:N122,P27,G$3:G122)) | R27: =if(P27="","", countif(N$3:N122,P27)) | S27: =if(P27="","", averageif(N$3:N122,P27,H$3:H122)) | T27: =if(P27="","",Q27/sum($Q$27:$Q$36)) | V27: =if(L27="","", left(L27, find(" x ",L27)-1)) | W27: =if(L27="","", TRIM(mid(L27,find(" x ",L27)+3,20)))
B28: =IF(B27<$A$1,B27+1,if($A$1="",B27+1,"")) | C28: =IF(G27<>0,C27+G27,) | D28: =if(C28="",,D27*(1+J27)) | E28: =if(C28="",,IF(B28="",,C28*J28)) | F28: =if(D28="",,D28*J28) | H28: =IF(G28=0,,G28/C28) | I28: =IF(G28=0,,G28-F28) | J28: =if(B28<>"",J27*(1-Diretrizes!G$5),) | Q28: =if(P28="","", sumif(N$3:N123,P28,G$3:G123)) | R28: =if(P28="","", countif(N$3:N123,P28)) | S28: =if(P28="","", averageif(N$3:N123,P28,H$3:H123)) | T28: =if(P28="","",Q28/sum($Q$27:$Q$36)) | V28: =if(L28="","", left(L28, find(" x ",L28)-1)) | W28: =if(L28="","", TRIM(mid(L28,find(" x ",L28)+3,20)))
B29: =IF(B28<$A$1,B28+1,if($A$1="",B28+1,"")) | C29: =IF(G28<>0,C28+G28,) | D29: =if(C29="",,D28*(1+J28)) | E29: =if(C29="",,IF(B29="",,C29*J29)) | F29: =if(D29="",,D29*J29) | H29: =IF(G29=0,,G29/C29) | I29: =IF(G29=0,,G29-F29) | J29: =if(B29<>"",J28*(1-Diretrizes!G$5),) | Q29: =if(P29="","", sumif(N$3:N124,P29,G$3:G124)) | R29: =if(P29="","", countif(N$3:N124,P29)) | S29: =if(P29="","", averageif(N$3:N124,P29,H$3:H124)) | T29: =if(P29="","",Q29/sum($Q$27:$Q$36)) | V29: =if(L29="","", left(L29, find(" x ",L29)-1)) | W29: =if(L29="","", TRIM(mid(L29,find(" x ",L29)+3,20)))
B30: =IF(B29<$A$1,B29+1,if($A$1="",B29+1,"")) | C30: =IF(G29<>0,C29+G29,) | D30: =if(C30="",,D29*(1+J29)) | E30: =if(C30="",,IF(B30="",,C30*J30)) | F30: =if(D30="",,D30*J30) | H30: =IF(G30=0,,G30/C30) | I30: =IF(G30=0,,G30-F30) | J30: =if(B30<>"",J29*(1-Diretrizes!G$5),) | Q30: =if(P30="","", sumif(N$3:N125,P30,G$3:G125)) | R30: =if(P30="","", countif(N$3:N125,P30)) | S30: =if(P30="","", averageif(N$3:N125,P30,H$3:H125)) | T30: =if(P30="","",Q30/sum($Q$27:$Q$36)) | V30: =if(L30="","", left(L30, find(" x ",L30)-1)) | W30: =if(L30="","", TRIM(mid(L30,find(" x ",L30)+3,20)))
B31: =IF(B30<$A$1,B30+1,if($A$1="",B30+1,"")) | C31: =IF(G30<>0,C30+G30,) | D31: =if(C31="",,D30*(1+J30)) | E31: =if(C31="",,IF(B31="",,C31*J31)) | F31: =if(D31="",,D31*J31) | H31: =IF(G31=0,,G31/C31) | I31: =IF(G31=0,,G31-F31) | J31: =if(B31<>"",J30*(1-Diretrizes!G$5),) | Q31: =if(P31="","", sumif(N$3:N126,P31,G$3:G126)) | R31: =if(P31="","", countif(N$3:N126,P31)) | S31: =if(P31="","", averageif(N$3:N126,P31,H$3:H126)) | T31: =if(P31="","",Q31/sum($Q$27:$Q$36)) | V31: =if(L31="","", left(L31, find(" x ",L31)-1)) | W31: =if(L31="","", TRIM(mid(L31,find(" x ",L31)+3,20)))
B32: =IF(B31<$A$1,B31+1,if($A$1="",B31+1,"")) | C32: =IF(G31<>0,C31+G31,) | D32: =if(C32="",,D31*(1+J31)) | E32: =if(C32="",,IF(B32="",,C32*J32)) | F32: =if(D32="",,D32*J32) | H32: =IF(G32=0,,G32/C32) | I32: =IF(G32=0,,G32-F32) | J32: =if(B32<>"",J31*(1-Diretrizes!G$5),) | Q32: =if(P32="","", sumif(N$3:N127,P32,G$3:G127)) | R32: =if(P32="","", countif(N$3:N127,P32)) | S32: =if(P32="","", averageif(N$3:N127,P32,H$3:H127)) | T32: =if(P32="","",Q32/sum($Q$27:$Q$36)) | V32: =if(L32="","", left(L32, find(" x ",L32)-1)) | W32: =if(L32="","", TRIM(mid(L32,find(" x ",L32)+3,20)))
C33: =IF(G32<>0,C32+G32,) | D33: =if(C33="",,D32*(1+J32)) | Q33: =if(P33="","", sumif(N$3:N128,P33,G$3:G128)) | R33: =if(P33="","", countif(N$3:N128,P33)) | S33: =if(P33="","", averageif(N$3:N128,P33,H$3:H128)) | T33: =if(P33="","",Q33/sum($Q$27:$Q$36)) | V33: =if(L33="","", left(L33, find(" x ",L33)-1)) | W33: =if(L33="","", TRIM(mid(L33,find(" x ",L33)+3,20)))
Q34: =if(P34="","", sumif(N$3:N129,P34,G$3:G129)) | R34: =if(P34="","", countif(N$3:N129,P34)) | S34: =if(P34="","", averageif(N$3:N129,P34,H$3:H129)) | T34: =if(P34="","",Q34/sum($Q$27:$Q$36)) | V34: =if(L34="","", left(L34, find(" x ",L34)-1)) | W34: =if(L34="","", TRIM(mid(L34,find(" x ",L34)+3,20)))
Q35: =if(P35="","", sumif(N$3:N130,P35,G$3:G130)) | R35: =if(P35="","", countif(N$3:N130,P35)) | S35: =if(P35="","", averageif(N$3:N130,P35,H$3:H130)) | T35: =if(P35="","",Q35/sum($Q$27:$Q$36)) | V35: =if(L35="","", left(L35, find(" x ",L35)-1)) | W35: =if(L35="","", TRIM(mid(L35,find(" x ",L35)+3,20)))
Q36: =if(P36="","", sumif(N$3:N131,P36,G$3:G131)) | R36: =if(P36="","", countif(N$3:N131,P36)) | S36: =if(P36="","", averageif(N$3:N131,P36,H$3:H131)) | T36: =if(P36="","",Q36/sum($Q$27:$Q$36)) | V36: =if(L36="","", left(L36, find(" x ",L36)-1)) | W36: =if(L36="","", TRIM(mid(L36,find(" x ",L36)+3,20)))
V37: =if(L37="","", left(L37, find(" x ",L37)-1)) | W37: =if(L37="","", TRIM(mid(L37,find(" x ",L37)+3,20)))
P38: Desempenho por Clube | V38: =if(L38="","", left(L38, find(" x ",L38)-1)) | W38: =if(L38="","", TRIM(mid(L38,find(" x ",L38)+3,20)))
P39: Clube | Q39: Valor | R39: Qt | S39: %Médio | T39: %Total | V39: =if(L39="","", left(L39, find(" x ",L39)-1)) | W39: =if(L39="","", TRIM(mid(L39,find(" x ",L39)+3,20)))
P40: {=sort(UNIQUE({V3:V122;W3:W122}))} | V40: =if(L40="","", left(L40, find(" x ",L40)-1)) | W40: =if(L40="","", TRIM(mid(L40,find(" x ",L40)+3,20)))
Q41: =if(P41="","", sumif(V$3:V122,P41,G$3:G122)+sumif(W$3:W122,P41,G$3:G122)) | R41: =if(P41="","", countif(V$3:W122,P41)) | S41: =if(P41="","", iferror(averageif(V$3:V122,P41,H$3:H122),0)+iferror(averageif(W$3:W122,P41,H$3:H122),0)) | T41: =if(P41="","",Q41/sum($G$3:$G122)) | V41: =if(L41="","", left(L41, find(" x ",L41)-1)) | W41: =if(L41="","", TRIM(mid(L41,find(" x ",L41)+3,20)))
Q42: =if(P42="","", sumif(V$3:V123,P42,G$3:G123)+sumif(W$3:W123,P42,G$3:G123)) | R42: =if(P42="","", countif(V$3:W123,P42)) | S42: =if(P42="","", iferror(averageif(V$3:V123,P42,H$3:H123),0)+iferror(averageif(W$3:W123,P42,H$3:H123),0)) | T42: =if(P42="","",Q42/sum($G$3:$G123)) | V42: =if(L42="","", left(L42, find(" x ",L42)-1)) | W42: =if(L42="","", TRIM(mid(L42,find(" x ",L42)+3,20)))
Q43: =if(P43="","", sumif(V$3:V124,P43,G$3:G124)+sumif(W$3:W124,P43,G$3:G124)) | R43: =if(P43="","", countif(V$3:W124,P43)) | S43: =if(P43="","", iferror(averageif(V$3:V124,P43,H$3:H124),0)+iferror(averageif(W$3:W124,P43,H$3:H124),0)) | T43: =if(P43="","",Q43/sum($G$3:$G124)) | V43: =if(L43="","", left(L43, find(" x ",L43)-1)) | W43: =if(L43="","", TRIM(mid(L43,find(" x ",L43)+3,20)))
Q44: =if(P44="","", sumif(V$3:V125,P44,G$3:G125)+sumif(W$3:W125,P44,G$3:G125)) | R44: =if(P44="","", countif(V$3:W125,P44)) | S44: =if(P44="","", iferror(averageif(V$3:V125,P44,H$3:H125),0)+iferror(averageif(W$3:W125,P44,H$3:H125),0)) | T44: =if(P44="","",Q44/sum($G$3:$G125)) | V44: =if(L44="","", left(L44, find(" x ",L44)-1)) | W44: =if(L44="","", TRIM(mid(L44,find(" x ",L44)+3,20)))
Q45: =if(P45="","", sumif(V$3:V126,P45,G$3:G126)+sumif(W$3:W126,P45,G$3:G126)) | R45: =if(P45="","", countif(V$3:W126,P45)) | S45: =if(P45="","", iferror(averageif(V$3:V126,P45,H$3:H126),0)+iferror(averageif(W$3:W126,P45,H$3:H126),0)) | T45: =if(P45="","",Q45/sum($G$3:$G126)) | V45: =if(L45="","", left(L45, find(" x ",L45)-1)) | W45: =if(L45="","", TRIM(mid(L45,find(" x ",L45)+3,20)))
Q46: =if(P46="","", sumif(V$3:V127,P46,G$3:G127)+sumif(W$3:W127,P46,G$3:G127)) | R46: =if(P46="","", countif(V$3:W127,P46)) | S46: =if(P46="","", iferror(averageif(V$3:V127,P46,H$3:H127),0)+iferror(averageif(W$3:W127,P46,H$3:H127),0)) | T46: =if(P46="","",Q46/sum($G$3:$G127)) | V46: =if(L46="","", left(L46, find(" x ",L46)-1)) | W46: =if(L46="","", TRIM(mid(L46,find(" x ",L46)+3,20)))
Q47: =if(P47="","", sumif(V$3:V128,P47,G$3:G128)+sumif(W$3:W128,P47,G$3:G128)) | R47: =if(P47="","", countif(V$3:W128,P47)) | S47: =if(P47="","", iferror(averageif(V$3:V128,P47,H$3:H128),0)+iferror(averageif(W$3:W128,P47,H$3:H128),0)) | T47: =if(P47="","",Q47/sum($G$3:$G128)) | V47: =if(L47="","", left(L47, find(" x ",L47)-1)) | W47: =if(L47="","", TRIM(mid(L47,find(" x ",L47)+3,20)))
Q48: =if(P48="","", sumif(V$3:V129,P48,G$3:G129)+sumif(W$3:W129,P48,G$3:G129)) | R48: =if(P48="","", countif(V$3:W129,P48)) | S48: =if(P48="","", iferror(averageif(V$3:V129,P48,H$3:H129),0)+iferror(averageif(W$3:W129,P48,H$3:H129),0)) | T48: =if(P48="","",Q48/sum($G$3:$G129)) | V48: =if(L48="","", left(L48, find(" x ",L48)-1)) | W48: =if(L48="","", TRIM(mid(L48,find(" x ",L48)+3,20)))
Q49: =if(P49="","", sumif(V$3:V130,P49,G$3:G130)+sumif(W$3:W130,P49,G$3:G130)) | R49: =if(P49="","", countif(V$3:W130,P49)) | S49: =if(P49="","", iferror(averageif(V$3:V130,P49,H$3:H130),0)+iferror(averageif(W$3:W130,P49,H$3:H130),0)) | T49: =if(P49="","",Q49/sum($G$3:$G130)) | V49: =if(L49="","", left(L49, find(" x ",L49)-1)) | W49: =if(L49="","", TRIM(mid(L49,find(" x ",L49)+3,20)))
Q50: =if(P50="","", sumif(V$3:V131,P50,G$3:G131)+sumif(W$3:W131,P50,G$3:G131)) | R50: =if(P50="","", countif(V$3:W131,P50)) | S50: =if(P50="","", iferror(averageif(V$3:V131,P50,H$3:H131),0)+iferror(averageif(W$3:W131,P50,H$3:H131),0)) | T50: =if(P50="","",Q50/sum($G$3:$G131)) | V50: =if(L50="","", left(L50, find(" x ",L50)-1)) | W50: =if(L50="","", TRIM(mid(L50,find(" x ",L50)+3,20)))
Q51: =if(P51="","", sumif(V$3:V132,P51,G$3:G132)+sumif(W$3:W132,P51,G$3:G132)) | R51: =if(P51="","", countif(V$3:W132,P51)) | S51: =if(P51="","", iferror(averageif(V$3:V132,P51,H$3:H132),0)+iferror(averageif(W$3:W132,P51,H$3:H132),0)) | T51: =if(P51="","",Q51/sum($G$3:$G132)) | V51: =if(L51="","", left(L51, find(" x ",L51)-1)) | W51: =if(L51="","", TRIM(mid(L51,find(" x ",L51)+3,20)))
Q52: =if(P52="","", sumif(V$3:V133,P52,G$3:G133)+sumif(W$3:W133,P52,G$3:G133)) | R52: =if(P52="","", countif(V$3:W133,P52)) | S52: =if(P52="","", iferror(averageif(V$3:V133,P52,H$3:H133),0)+iferror(averageif(W$3:W133,P52,H$3:H133),0)) | T52: =if(P52="","",Q52/sum($G$3:$G133)) | V52: =if(L52="","", left(L52, find(" x ",L52)-1)) | W52: =if(L52="","", TRIM(mid(L52,find(" x ",L52)+3,20)))
... Q77: =if(P77="","", sumif(V$3:V158,P77,G$3:G158)+sumif(W$3:W158,P77,G$3:G158)) | R77: =if(P77="","", countif(V$3:W158,P77)) | S77: =if(P77="","", iferror(averageif(V$3:V158,P77,H$3:H158),0)+iferror(averageif(W$3:W158,P77,H$3:H158),0)) | T77: =if(P77="","",Q77/sum($G$3:$G158)) | V77: =if(L77="","", left(L77, find(" x ",L77)-1)) | W77: =if(L77="","", TRIM(mid(L77,find(" x ",L77)+3,20)))
Q78: =if(P78="","", sumif(V$3:V159,P78,G$3:G159)+sumif(W$3:W159,P78,G$3:G159)) | R78: =if(P78="","", countif(V$3:W159,P78)) | S78: =if(P78="","", iferror(averageif(V$3:V159,P78,H$3:H159),0)+iferror(averageif(W$3:W159,P78,H$3:H159),0)) | T78: =if(P78="","",Q78/sum($G$3:$G159)) | V78: =if(L78="","", left(L78, find(" x ",L78))) | W78: =if(L78="","", TRIM(mid(L78,find(" x ",L78)+3,20)))
Q79: =if(P79="","", sumif(V$3:V160,P79,G$3:G160)+sumif(W$3:W160,P79,G$3:G160)) | R79: =if(P79="","", countif(V$3:W160,P79)) | S79: =if(P79="","", iferror(averageif(V$3:V160,P79,H$3:H160),0)+iferror(averageif(W$3:W160,P79,H$3:H160),0)) | T79: =if(P79="","",Q79/sum($G$3:$G160)) | V79: =if(L79="","", left(L79, find(" x ",L79))) | W79: =if(L79="","", TRIM(mid(L79,find(" x ",L79)+3,20)))
Q80: =if(P80="","", sumif(V$3:V161,P80,G$3:G161)+sumif(W$3:W161,P80,G$3:G161)) | R80: =if(P80="","", countif(V$3:W161,P80)) | S80: =if(P80="","", iferror(averageif(V$3:V161,P80,H$3:H161),0)+iferror(averageif(W$3:W161,P80,H$3:H161),0)) | T80: =if(P80="","",Q80/sum($G$3:$G161)) | V80: =if(L80="","", left(L80, find(" x ",L80))) | W80: =if(L80="","", TRIM(mid(L80,find(" x ",L80)+3,20)))
Q81: =if(P81="","", sumif(V$3:V162,P81,G$3:G162)+sumif(W$3:W162,P81,G$3:G162)) | R81: =if(P81="","", countif(V$3:W162,P81)) | S81: =if(P81="","", iferror(averageif(V$3:V162,P81,H$3:H162),0)+iferror(averageif(W$3:W162,P81,H$3:H162),0)) | T81: =if(P81="","",Q81/sum($G$3:$G162)) | V81: =if(L81="","", left(L81, find(" x ",L81))) | W81: =if(L81="","", TRIM(mid(L81,find(" x ",L81)+3,20)))
Q82: =if(P82="","", sumif(V$3:V163,P82,G$3:G163)+sumif(W$3:W163,P82,G$3:G163)) | R82: =if(P82="","", countif(V$3:W163,P82)) | S82: =if(P82="","", iferror(averageif(V$3:V163,P82,H$3:H163),0)+iferror(averageif(W$3:W163,P82,H$3:H163),0)) | T82: =if(P82="","",Q82/sum($G$3:$G163)) | V82: =if(L82="","", left(L82, find(" x ",L82))) | W82: =if(L82="","", TRIM(mid(L82,find(" x ",L82)+3,20)))
Q83: =if(P83="","", sumif(V$3:V164,P83,G$3:G164)+sumif(W$3:W164,P83,G$3:G164)) | R83: =if(P83="","", countif(V$3:W164,P83)) | S83: =if(P83="","", iferror(averageif(V$3:V164,P83,H$3:H164),0)+iferror(averageif(W$3:W164,P83,H$3:H164),0)) | T83: =if(P83="","",Q83/sum($G$3:$G164)) | V83: =if(L83="","", left(L83, find(" x ",L83))) | W83: =if(L83="","", TRIM(mid(L83,find(" x ",L83)+3,20)))
Q84: =if(P84="","", sumif(V$3:V165,P84,G$3:G165)+sumif(W$3:W165,P84,G$3:G165)) | R84: =if(P84="","", countif(V$3:W165,P84)) | S84: =if(P84="","", iferror(averageif(V$3:V165,P84,H$3:H165),0)+iferror(averageif(W$3:W165,P84,H$3:H165),0)) | T84: =if(P84="","",Q84/sum($G$3:$G165)) | V84: =if(L84="","", left(L84, find(" x ",L84))) | W84: =if(L84="","", TRIM(mid(L84,find(" x ",L84)+3,20)))
Q85: =if(P85="","", sumif(V$3:W122,P85,G$3:G122)) | R85: =if(P85="","", countif(V$3:W166,P85)) | S85: =if(P85="","", iferror(averageif(V$3:V166,P85,H$3:H166),0)+iferror(averageif(W$3:W166,P85,H$3:H166),0)) | T85: =if(P85="","",Q85/sum($G$3:$G166)) | V85: =if(L85="","", left(L85, find(" x ",L85))) | W85: =if(L85="","", TRIM(mid(L85,find(" x ",L85)+3,20)))
Q86: =if(P86="","", sumif(V$3:W123,P86,G$3:G123)) | R86: =if(P86="","", countif(V$3:W167,P86)) | S86: =if(P86="","", iferror(averageif(V$3:V167,P86,H$3:H167),0)+iferror(averageif(W$3:W167,P86,H$3:H167),0)) | T86: =if(P86="","",Q86/sum($G$3:$G167)) | V86: =if(L86="","", left(L86, find(" x ",L86))) | W86: =if(L86="","", TRIM(mid(L86,find(" x ",L86)+3,20)))
Q87: =if(P87="","", sumif(V$3:W124,P87,G$3:G124)) | R87: =if(P87="","", countif(V$3:W168,P87)) | S87: =if(P87="","", iferror(averageif(V$3:V168,P87,H$3:H168),0)+iferror(averageif(W$3:W168,P87,H$3:H168),0)) | T87: =if(P87="","",Q87/sum($G$3:$G168)) | V87: =if(L87="","", left(L87, find(" x ",L87))) | W87: =if(L87="","", TRIM(mid(L87,find(" x ",L87)+3,20)))
Q88: =if(P88="","", sumif(V$3:W125,P88,G$3:G125)) | R88: =if(P88="","", countif(V$3:W169,P88)) | S88: =if(P88="","", iferror(averageif(V$3:V169,P88,H$3:H169),0)+iferror(averageif(W$3:W169,P88,H$3:H169),0)) | T88: =if(P88="","",Q88/sum($G$3:$G169)) | V88: =if(L88="","", left(L88, find(" x ",L88))) | W88: =if(L88="","", TRIM(mid(L88,find(" x ",L88)+3,20)))
Q89: =if(P89="","", sumif(V$3:W126,P89,G$3:G126)) | R89: =if(P89="","", countif(V$3:W170,P89)) | S89: =if(P89="","", iferror(averageif(V$3:V170,P89,H$3:H170),0)+iferror(averageif(W$3:W170,P89,H$3:H170),0)) | T89: =if(P89="","",Q89/sum($G$3:$G170)) | V89: =if(L89="","", left(L89, find(" x ",L89))) | W89: =if(L89="","", TRIM(mid(L89,find(" x ",L89)+3,20)))
Q90: =if(P90="","", sumif(V$3:W127,P90,G$3:G127)) | R90: =if(P90="","", countif(V$3:W171,P90)) | S90: =if(P90="","", iferror(averageif(V$3:V171,P90,H$3:H171),0)+iferror(averageif(W$3:W171,P90,H$3:H171),0)) | T90: =if(P90="","",Q90/sum($G$3:$G171))
Q91: =if(P91="","", sumif(V$3:W128,P91,G$3:G128)) | R91: =if(P91="","", countif(V$3:W172,P91)) | S91: =if(P91="","", iferror(averageif(V$3:V172,P91,H$3:H172),0)+iferror(averageif(W$3:W172,P91,H$3:H172),0)) | T91: =if(P91="","",Q91/sum($G$3:$G172))
Q92: =if(P92="","", sumif(V$3:W129,P92,G$3:G129)) | R92: =if(P92="","", countif(V$3:W173,P92)) | S92: =if(P92="","", iferror(averageif(V$3:V173,P92,H$3:H173),0)+iferror(averageif(W$3:W173,P92,H$3:H173),0)) | T92: =if(P92="","",Q92/sum($G$3:$G173))
Q93: =if(P93="","", sumif(V$3:W130,P93,G$3:G130)) | R93: =if(P93="","", countif(V$3:W174,P93)) | S93: =if(P93="","", iferror(averageif(V$3:V174,P93,H$3:H174),0)+iferror(averageif(W$3:W174,P93,H$3:H174),0)) | T93: =if(P93="","",Q93/sum($G$3:$G174))
Q94: =if(P94="","", sumif(V$3:W131,P94,G$3:G131)) | R94: =if(P94="","", countif(V$3:W175,P94)) | S94: =if(P94="","", iferror(averageif(V$3:V175,P94,H$3:H175),0)+iferror(averageif(W$3:W175,P94,H$3:H175),0)) | T94: =if(P94="","",Q94/sum($G$3:$G175))
Q95: =if(P95="","", sumif(V$3:W132,P95,G$3:G132)) | R95: =if(P95="","", countif(V$3:W176,P95)) | S95: =if(P95="","", iferror(averageif(V$3:V176,P95,H$3:H176),0)+iferror(averageif(W$3:W176,P95,H$3:H176),0)) | T95: =if(P95="","",Q95/sum($G$3:$G176))
Q96: =if(P96="","", sumif(V$3:W133,P96,G$3:G133)) | R96: =if(P96="","", countif(V$3:W177,P96)) | S96: =if(P96="","", iferror(averageif(V$3:V177,P96,H$3:H177),0)+iferror(averageif(W$3:W177,P96,H$3:H177),0)) | T96: =if(P96="","",Q96/sum($G$3:$G177))
Q97: =if(P97="","", sumif(V$3:W134,P97,G$3:G134)) | R97: =if(P97="","", countif(V$3:W178,P97)) | S97: =if(P97="","", iferror(averageif(V$3:V178,P97,H$3:H178),0)+iferror(averageif(W$3:W178,P97,H$3:H178),0)) | T97: =if(P97="","",Q97/sum($G$3:$G178))
Q98: =if(P98="","", sumif(V$3:W135,P98,G$3:G135)) | R98: =if(P98="","", countif(V$3:W179,P98)) | S98: =if(P98="","", iferror(averageif(V$3:V179,P98,H$3:H179),0)+iferror(averageif(W$3:W179,P98,H$3:H179),0)) | T98: =if(P98="","",Q98/sum($G$3:$G179))
Q99: =if(P99="","", sumif(V$3:W136,P99,G$3:G136)) | R99: =if(P99="","", countif(V$3:W180,P99)) | S99: =if(P99="","", iferror(averageif(V$3:V180,P99,H$3:H180),0)+iferror(averageif(W$3:W180,P99,H$3:H180),0)) | T99: =if(P99="","",Q99/sum($G$3:$G180))
Q100: =if(P100="","", sumif(V$3:W137,P100,G$3:G137)) | R100: =if(P100="","", countif(V$3:W181,P100)) | S100: =if(P100="","", iferror(averageif(V$3:V181,P100,H$3:H181),0)+iferror(averageif(W$3:W181,P100,H$3:H181),0)) | T100: =if(P100="","",Q100/sum($G$3:$G181))
Q101: =if(P101="","", sumif(V$3:W138,P101,G$3:G138)) | R101: =if(P101="","", countif(V$3:W182,P101)) | S101: =if(P101="","", iferror(averageif(V$3:V182,P101,H$3:H182),0)+iferror(averageif(W$3:W182,P101,H$3:H182),0)) | T101: =if(P101="","",Q101/sum($G$3:$G182))

Sheet Apoio
A1: Ligas | B1: Entradas | C1: Valor | D1: %Médio | E1: %Total | G1: Clubes | H1: Entradas | I1: Valor | J1: %Médio | K1: %Total | M1: Todos os Camps | Q1: 100 | R1: =T1 -> 0.04 | T1: =Diretrizes!I6 -> 0.04 | V1: {=sort(A2:E40,C2:C40,0)} | AB1: {=unique(sort(G3:K51,H3:H51,0))}
A2: {=sort(UNIQUE({'Ciclo 1'!N3:N1000;'Ciclo 2'!N3:N1000;'Ciclo 3'!N3:N1000;'Ciclo 4'!N3:N1000;'Ciclo 5'!N3:N1000}))} | B2: =if(A2="","", countif('Ciclo 1'!N:N,$A2)+countif('Ciclo 2'!N:N,$A2)+countif('Ciclo 3'!N:N,$A2)+countif('Ciclo 4'!N:N,$A2)+countif('Ciclo 5'!N:N,$A2)) | C2: =if(A2="",,sumif('Ciclo 1'!$N:$N,$A2,'Ciclo 1'!G:G)+sumif('Ciclo 2'!$N:$N,$A2,'Ciclo 2'!G:G)+sumif('Ciclo 3'!$N:$N,$A2,'Ciclo 3'!G:G)+sumif('Ciclo 4'!$N:$N,$A2,'Ciclo 4'!G:G)+sumif('Ciclo 5'!$N:$N,$A2,'Ciclo 5'!G:G)) | D2: =if(A2="",,iferror((sumif('Ciclo 1'!N:N,A2,'Ciclo 1'!H:H)+sumif('Ciclo 2'!N:N,A2,'Ciclo 2'!H:H)+sumif('Ciclo 3'!N:N,A2,'Ciclo 3'!H:H)+sumif('Ciclo 4'!N:N,A2,'Ciclo 4'!H:H)+sumif('Ciclo 5'!N:N,A2,'Ciclo 5'!H:H))/B2,"")) | E2: =if(A2="",,IFERROR(C2/sum($C$2:$C1000),"")) | G2: {=sort(UNIQUE({'Ciclo 1'!V3:V1000;'Ciclo 1'!W3:W1000;'Ciclo 2'!V3:V1000;'Ciclo 2'!W3:W1000;'Ciclo 3'!V3:V1000;'Ciclo 3'!W3:W1000;'Ciclo 4'!V3:V1000;'Ciclo 4'!W3:W1000;'Ciclo 5'!V3:V1000;'Ciclo 5'!W3:W1000}))} | H2: =if(G2="",, sumif('Ciclo 1'!P:P,G2,'Ciclo 1'!R:R)+sumif('Ciclo 2'!P:P,G2,'Ciclo 2'!R:R)+sumif('Ciclo 3'!P:P,G2,'Ciclo 3'!R:R)+sumif('Ciclo 4'!P:P,G2,'Ciclo 4'!R:R)+sumif('Ciclo 5'!P:P,G2,'Ciclo 5'!R:R)) | I2: =if(G2="",, sumif('Ciclo 1'!P:P,G2,'Ciclo 1'!Q:Q)+sumif('Ciclo 2'!P:P,G2,'Ciclo 2'!Q:Q)+sumif('Ciclo 3'!P:P,G2,'Ciclo 3'!Q:Q)+sumif('Ciclo 4'!P:P,G2,'Ciclo 4'!Q:Q)+sumif('Ciclo 5'!P:P,G2,'Ciclo 5'!Q:Q)) | J2: =if(G2="","", iferror(averageif('Ciclo 1'!V$3:V1000,G2,'Ciclo 1'!H$3:H1000),0)+iferror(averageif('Ciclo 1'!W$3:W1000,G2,'Ciclo 1'!H$3:H1000)+iferror(averageif('Ciclo 2'!V$3:V1000,G2,'Ciclo 2'!H$3:H1000),0)+iferror(averageif('Ciclo 2'!W$3:W1000,G2,'Ciclo 2'!H$3:H1000)+iferror(averageif('Ciclo 3'!V$3:V1000,G2,'Ciclo 3'!H$3:H1000),0)+iferror(averageif('Ciclo 3'!W$3:W1000,G2,'Ciclo 3'!H$3:H1000)+iferror(averageif('Ciclo 4'!V$3:V1000,G2,'Ciclo 4'!H$3:H1000),0)+iferror(averageif('Ciclo 4'!W$3:W1000,G2,'Ciclo 4'!H$3:H1000)+iferror(averageif('Ciclo 5'!V$3:V1000,G2,'Ciclo 5'!H$3:H1000),0)+iferror(averageif('Ciclo 5'!W$3:W1000,G2,'Ciclo 5'!H$3:H1000),0),""),""),""),"")) | K2: =if(G2="","",I2/(sum($I:$I)/2)) | M2: Alemanha | N2: Bundesliga | P2: 1 | Q2: =IF(P2<=$T$2,Q1*(1+R1),"") -> 104 | R2: =IF(P2<=$T$2,R1*(1-Diretrizes!$C$5),) -> 0.04 | S2: =IF(P2<=$T$2,(Q2-$Q$1)/100,) -> 0.04 | T2: =Diretrizes!J3 -> 12
B3: =if(A3="","", countif('Ciclo 1'!N:N,$A3)+countif('Ciclo 2'!N:N,$A3)+countif('Ciclo 3'!N:N,$A3)+countif('Ciclo 4'!N:N,$A3)+countif('Ciclo 5'!N:N,$A3)) | C3: =if(A3="",,sumif('Ciclo 1'!$N:$N,$A3,'Ciclo 1'!G:G)+sumif('Ciclo 2'!$N:$N,$A3,'Ciclo 2'!G:G)+sumif('Ciclo 3'!$N:$N,$A3,'Ciclo 3'!G:G)+sumif('Ciclo 4'!$N:$N,$A3,'Ciclo 4'!G:G)+sumif('Ciclo 5'!$N:$N,$A3,'Ciclo 5'!G:G)) | D3: =if(A3="",,iferror((sumif('Ciclo 1'!N:N,A3,'Ciclo 1'!H:H)+sumif('Ciclo 2'!N:N,A3,'Ciclo 2'!H:H)+sumif('Ciclo 3'!N:N,A3,'Ciclo 3'!H:H)+sumif('Ciclo 4'!N:N,A3,'Ciclo 4'!H:H)+sumif('Ciclo 5'!N:N,A3,'Ciclo 5'!H:H))/B3,"")) | E3: =if(A3="",,IFERROR(C3/sum($C$2:$C1001),"")) | H3: =if(G3="",, sumif('Ciclo 1'!P:P,G3,'Ciclo 1'!R:R)+sumif('Ciclo 2'!P:P,G3,'Ciclo 2'!R:R)+sumif('Ciclo 3'!P:P,G3,'Ciclo 3'!R:R)+sumif('Ciclo 4'!P:P,G3,'Ciclo 4'!R:R)+sumif('Ciclo 5'!P:P,G3,'Ciclo 5'!R:R)) | I3: =if(G3="",, sumif('Ciclo 1'!P:P,G3,'Ciclo 1'!Q:Q)+sumif('Ciclo 2'!P:P,G3,'Ciclo 2'!Q:Q)+sumif('Ciclo 3'!P:P,G3,'Ciclo 3'!Q:Q)+sumif('Ciclo 4'!P:P,G3,'Ciclo 4'!Q:Q)+sumif('Ciclo 5'!P:P,G3,'Ciclo 5'!Q:Q)) | J3: =if(G3="","", iferror(averageif('Ciclo 1'!V$3:V1000,G3,'Ciclo 1'!H$3:H1000),0)+iferror(averageif('Ciclo 1'!W$3:W1000,G3,'Ciclo 1'!H$3:H1000)+iferror(averageif('Ciclo 2'!V$3:V1000,G3,'Ciclo 2'!H$3:H1000),0)+iferror(averageif('Ciclo 2'!W$3:W1000,G3,'Ciclo 2'!H$3:H1000)+iferror(averageif('Ciclo 3'!V$3:V1000,G3,'Ciclo 3'!H$3:H1000),0)+iferror(averageif('Ciclo 3'!W$3:W1000,G3,'Ciclo 3'!H$3:H1000)+iferror(averageif('Ciclo 4'!V$3:V1000,G3,'Ciclo 4'!H$3:H1000),0)+iferror(averageif('Ciclo 4'!W$3:W1000,G3,'Ciclo 4'!H$3:H1000)+iferror(averageif('Ciclo 5'!V$3:V1000,G3,'Ciclo 5'!H$3:H1000),0)+iferror(averageif('Ciclo 5'!W$3:W1000,G3,'Ciclo 5'!H$3:H1000),0),""),""),""),"")) | K3: =if(G3="","",I3/(sum($I:$I)/2)) | M3: Bélgica | N3: Bélgica 1ª Divisão A | P3: 2 | Q3: =IF(P3<=$T$2,Q2*(1+R2),"") -> 108.16 | R3: =IF(P3<=$T$2,R2*(1-Diretrizes!$C$5),) -> 0.04 | S3: =IF(P3<=$T$2,(Q3-$Q$1)/100,) -> 0.0816
B4: =if(A4="","", countif('Ciclo 1'!N:N,$A4)+countif('Ciclo 2'!N:N,$A4)+countif('Ciclo 3'!N:N,$A4)+countif('Ciclo 4'!N:N,$A4)+countif('Ciclo 5'!N:N,$A4)) | C4: =if(A4="",,sumif('Ciclo 1'!$N:$N,$A4,'Ciclo 1'!G:G)+sumif('Ciclo 2'!$N:$N,$A4,'Ciclo 2'!G:G)+sumif('Ciclo 3'!$N:$N,$A4,'Ciclo 3'!G:G)+sumif('Ciclo 4'!$N:$N,$A4,'Ciclo 4'!G:G)+sumif('Ciclo 5'!$N:$N,$A4,'Ciclo 5'!G:G)) | D4: =if(A4="",,iferror((sumif('Ciclo 1'!N:N,A4,'Ciclo 1'!H:H)+sumif('Ciclo 2'!N:N,A4,'Ciclo 2'!H:H)+sumif('Ciclo 3'!N:N,A4,'Ciclo 3'!H:H)+sumif('Ciclo 4'!N:N,A4,'Ciclo 4'!H:H)+sumif('Ciclo 5'!N:N,A4,'Ciclo 5'!H:H))/B4,"")) | E4: =if(A4="",,IFERROR(C4/sum($C$2:$C1002),"")) | H4: =if(G4="",, sumif('Ciclo 1'!P:P,G4,'Ciclo 1'!R:R)+sumif('Ciclo 2'!P:P,G4,'Ciclo 2'!R:R)+sumif('Ciclo 3'!P:P,G4,'Ciclo 3'!R:R)+sumif('Ciclo 4'!P:P,G4,'Ciclo 4'!R:R)+sumif('Ciclo 5'!P:P,G4,'Ciclo 5'!R:R)) | I4: =if(G4="",, sumif('Ciclo 1'!P:P,G4,'Ciclo 1'!Q:Q)+sumif('Ciclo 2'!P:P,G4,'Ciclo 2'!Q:Q)+sumif('Ciclo 3'!P:P,G4,'Ciclo 3'!Q:Q)+sumif('Ciclo 4'!P:P,G4,'Ciclo 4'!Q:Q)+sumif('Ciclo 5'!P:P,G4,'Ciclo 5'!Q:Q)) | J4: =if(G4="","", iferror(averageif('Ciclo 1'!V$3:V1000,G4,'Ciclo 1'!H$3:H1000),0)+iferror(averageif('Ciclo 1'!W$3:W1000,G4,'Ciclo 1'!H$3:H1000)+iferror(averageif('Ciclo 2'!V$3:V1000,G4,'Ciclo 2'!H$3:H1000),0)+iferror(averageif('Ciclo 2'!W$3:W1000,G4,'Ciclo 2'!H$3:H1000)+iferror(averageif('Ciclo 3'!V$3:V1000,G4,'Ciclo 3'!H$3:H1000),0)+iferror(averageif('Ciclo 3'!W$3:W1000,G4,'Ciclo 3'!H$3:H1000)+iferror(averageif('Ciclo 4'!V$3:V1000,G4,'Ciclo 4'!H$3:H1000),0)+iferror(averageif('Ciclo 4'!W$3:W1000,G4,'Ciclo 4'!H$3:H1000)+iferror(averageif('Ciclo 5'!V$3:V1000,G4,'Ciclo 5'!H$3:H1000),0)+iferror(averageif('Ciclo 5'!W$3:W1000,G4,'Ciclo 5'!H$3:H1000),0),""),""),""),"")) | K4: =if(G4="","",I4/(sum($I:$I)/2)) | M4: Brasileirão | N4: Brasileirão | P4: 3 | Q4: =IF(P4<=$T$2,Q3*(1+R3),"") -> 112.4864 | R4: =IF(P4<=$T$2,R3*(1-Diretrizes!$C$5),) -> 0.04 | S4: =IF(P4<=$T$2,(Q4-$Q$1)/100,) -> 0.124864
B5: =if(A5="","", countif('Ciclo 1'!N:N,$A5)+countif('Ciclo 2'!N:N,$A5)+countif('Ciclo 3'!N:N,$A5)+countif('Ciclo 4'!N:N,$A5)+countif('Ciclo 5'!N:N,$A5)) | C5: =if(A5="",,sumif('Ciclo 1'!$N:$N,$A5,'Ciclo 1'!G:G)+sumif('Ciclo 2'!$N:$N,$A5,'Ciclo 2'!G:G)+sumif('Ciclo 3'!$N:$N,$A5,'Ciclo 3'!G:G)+sumif('Ciclo 4'!$N:$N,$A5,'Ciclo 4'!G:G)+sumif('Ciclo 5'!$N:$N,$A5,'Ciclo 5'!G:G)) | D5: =if(A5="",,iferror((sumif('Ciclo 1'!N:N,A5,'Ciclo 1'!H:H)+sumif('Ciclo 2'!N:N,A5,'Ciclo 2'!H:H)+sumif('Ciclo 3'!N:N,A5,'Ciclo 3'!H:H)+sumif('Ciclo 4'!N:N,A5,'Ciclo 4'!H:H)+sumif('Ciclo 5'!N:N,A5,'Ciclo 5'!H:H))/B5,"")) | E5: =if(A5="",,IFERROR(C5/sum($C$2:$C1003),"")) | H5: =if(G5="",, sumif('Ciclo 1'!P:P,G5,'Ciclo 1'!R:R)+sumif('Ciclo 2'!P:P,G5,'Ciclo 2'!R:R)+sumif('Ciclo 3'!P:P,G5,'Ciclo 3'!R:R)+sumif('Ciclo 4'!P:P,G5,'Ciclo 4'!R:R)+sumif('Ciclo 5'!P:P,G5,'Ciclo 5'!R:R)) | I5: =if(G5="",, sumif('Ciclo 1'!P:P,G5,'Ciclo 1'!Q:Q)+sumif('Ciclo 2'!P:P,G5,'Ciclo 2'!Q:Q)+sumif('Ciclo 3'!P:P,G5,'Ciclo 3'!Q:Q)+sumif('Ciclo 4'!P:P,G5,'Ciclo 4'!Q:Q)+sumif('Ciclo 5'!P:P,G5,'Ciclo 5'!Q:Q)) | J5: =if(G5="","", iferror(averageif('Ciclo 1'!V$3:V1000,G5,'Ciclo 1'!H$3:H1000),0)+iferror(averageif('Ciclo 1'!W$3:W1000,G5,'Ciclo 1'!H$3:H1000)+iferror(averageif('Ciclo 2'!V$3:V1000,G5,'Ciclo 2'!H$3:H1000),0)+iferror(averageif('Ciclo 2'!W$3:W1000,G5,'Ciclo 2'!H$3:H1000)+iferror(averageif('Ciclo 3'!V$3:V1000,G5,'Ciclo 3'!H$3:H1000),0)+iferror(averageif('Ciclo 3'!W$3:W1000,G5,'Ciclo 3'!H$3:H1000)+iferror(averageif('Ciclo 4'!V$3:V1000,G5,'Ciclo 4'!H$3:H1000),0)+iferror(averageif('Ciclo 4'!W$3:W1000,G5,'Ciclo 4'!H$3:H1000)+iferror(averageif('Ciclo 5'!V$3:V1000,G5,'Ciclo 5'!H$3:H1000),0)+iferror(averageif('Ciclo 5'!W$3:W1000,G5,'Ciclo 5'!H$3:H1000),0),""),""),""),"")) | K5: =if(G5="","",I5/(sum($I:$I)/2)) | M5: Champions League | N5: Champions League | P5: 4 | Q5: =IF(P5<=$T$2,Q4*(1+R4),"") -> 116.98586 | R5: =IF(P5<=$T$2,R4*(1-Diretrizes!$C$5),) -> 0.04 | S5: =IF(P5<=$T$2,(Q5-$Q$1)/100,) -> 0.16985856
B6: =if(A6="","", countif('Ciclo 1'!N:N,$A6)+countif('Ciclo 2'!N:N,$A6)+countif('Ciclo 3'!N:N,$A6)+countif('Ciclo 4'!N:N,$A6)+countif('Ciclo 5'!N:N,$A6)) | C6: =if(A6="",,sumif('Ciclo 1'!$N:$N,$A6,'Ciclo 1'!G:G)+sumif('Ciclo 2'!$N:$N,$A6,'Ciclo 2'!G:G)+sumif('Ciclo 3'!$N:$N,$A6,'Ciclo 3'!G:G)+sumif('Ciclo 4'!$N:$N,$A6,'Ciclo 4'!G:G)+sumif('Ciclo 5'!$N:$N,$A6,'Ciclo 5'!G:G)) | D6: =if(A6="",,iferror((sumif('Ciclo 1'!N:N,A6,'Ciclo 1'!H:H)+sumif('Ciclo 2'!N:N,A6,'Ciclo 2'!H:H)+sumif('Ciclo 3'!N:N,A6,'Ciclo 3'!H:H)+sumif('Ciclo 4'!N:N,A6,'Ciclo 4'!H:H)+sumif('Ciclo 5'!N:N,A6,'Ciclo 5'!H:H))/B6,"")) | E6: =if(A6="",,IFERROR(C6/sum($C$2:$C1004),"")) | H6: =if(G6="",, sumif('Ciclo 1'!P:P,G6,'Ciclo 1'!R:R)+sumif('Ciclo 2'!P:P,G6,'Ciclo 2'!R:R)+sumif('Ciclo 3'!P:P,G6,'Ciclo 3'!R:R)+sumif('Ciclo 4'!P:P,G6,'Ciclo 4'!R:R)+sumif('Ciclo 5'!P:P,G6,'Ciclo 5'!R:R)) | I6: =if(G6="",, sumif('Ciclo 1'!P:P,G6,'Ciclo 1'!Q:Q)+sumif('Ciclo 2'!P:P,G6,'Ciclo 2'!Q:Q)+sumif('Ciclo 3'!P:P,G6,'Ciclo 3'!Q:Q)+sumif('Ciclo 4'!P:P,G6,'Ciclo 4'!Q:Q)+sumif('Ciclo 5'!P:P,G6,'Ciclo 5'!Q:Q)) | J6: =if(G6="","", iferror(averageif('Ciclo 1'!V$3:V1000,G6,'Ciclo 1'!H$3:H1000),0)+iferror(averageif('Ciclo 1'!W$3:W1000,G6,'Ciclo 1'!H$3:H1000)+iferror(averageif('Ciclo 2'!V$3:V1000,G6,'Ciclo 2'!H$3:H1000),0)+iferror(averageif('Ciclo 2'!W$3:W1000,G6,'Ciclo 2'!H$3:H1000)+iferror(averageif('Ciclo 3'!V$3:V1000,G6,'Ciclo 3'!H$3:H1000),0)+iferror(averageif('Ciclo 3'!W$3:W1000,G6,'Ciclo 3'!H$3:H1000)+iferror(averageif('Ciclo 4'!V$3:V1000,G6,'Ciclo 4'!H$3:H1000),0)+iferror(averageif('Ciclo 4'!W$3:W1000,G6,'Ciclo 4'!H$3:H1000)+iferror(averageif('Ciclo 5'!V$3:V1000,G6,'Ciclo 5'!H$3:H1000),0)+iferror(averageif('Ciclo 5'!W$3:W1000,G6,'Ciclo 5'!H$3:H1000),0),""),""),""),"")) | K6: =if(G6="","",I6/(sum($I:$I)/2)) | M6: Espanha 2 Liga | N6: Espanha 2 Liga | P6: 5 | Q6: =IF(P6<=$T$2,Q5*(1+R5),"") -> 121.66529 | R6: =IF(P6<=$T$2,R5*(1-Diretrizes!$C$5),) -> 0.04 | S6: =IF(P6<=$T$2,(Q6-$Q$1)/100,) -> 0.2166529
B7: =if(A7="","", countif('Ciclo 1'!N:N,$A7)+countif('Ciclo 2'!N:N,$A7)+countif('Ciclo 3'!N:N,$A7)+countif('Ciclo 4'!N:N,$A7)+countif('Ciclo 5'!N:N,$A7)) | C7: =if(A7="",,sumif('Ciclo 1'!$N:$N,$A7,'Ciclo 1'!G:G)+sumif('Ciclo 2'!$N:$N,$A7,'Ciclo 2'!G:G)+sumif('Ciclo 3'!$N:$N,$A7,'Ciclo 3'!G:G)+sumif('Ciclo 4'!$N:$N,$A7,'Ciclo 4'!G:G)+sumif('Ciclo 5'!$N:$N,$A7,'Ciclo 5'!G:G)) | D7: =if(A7="",,iferror((sumif('Ciclo 1'!N:N,A7,'Ciclo 1'!H:H)+sumif('Ciclo 2'!N:N,A7,'Ciclo 2'!H:H)+sumif('Ciclo 3'!N:N,A7,'Ciclo 3'!H:H)+sumif('Ciclo 4'!N:N,A7,'Ciclo 4'!H:H)+sumif('Ciclo 5'!N:N,A7,'Ciclo 5'!H:H))/B7,"")) | E7: =if(A7="",,IFERROR(C7/sum($C$2:$C1005),"")) | H7: =if(G7="",, sumif('Ciclo 1'!P:P,G7,'Ciclo 1'!R:R)+sumif('Ciclo 2'!P:P,G7,'Ciclo 2'!R:R)+sumif('Ciclo 3'!P:P,G7,'Ciclo 3'!R:R)+sumif('Ciclo 4'!P:P,G7,'Ciclo 4'!R:R)+sumif('Ciclo 5'!P:P,G7,'Ciclo 5'!R:R)) | I7: =if(G7="",, sumif('Ciclo 1'!P:P,G7,'Ciclo 1'!Q:Q)+sumif('Ciclo 2'!P:P,G7,'Ciclo 2'!Q:Q)+sumif('Ciclo 3'!P:P,G7,'Ciclo 3'!Q:Q)+sumif('Ciclo 4'!P:P,G7,'Ciclo 4'!Q:Q)+sumif('Ciclo 5'!P:P,G7,'Ciclo 5'!Q:Q)) | J7: =if(G7="","", iferror(averageif('Ciclo 1'!V$3:V1000,G7,'Ciclo 1'!H$3:H1000),0)+iferror(averageif('Ciclo 1'!W$3:W1000,G7,'Ciclo 1'!H$3:H1000)+iferror(averageif('Ciclo 2'!V$3:V1000,G7,'Ciclo 2'!H$3:H1000),0)+iferror(averageif('Ciclo 2'!W$3:W1000,G7,'Ciclo 2'!H$3:H1000)+iferror(averageif('Ciclo 3'!V$3:V1000,G7,'Ciclo 3'!H$3:H1000),0)+iferror(averageif('Ciclo 3'!W$3:W1000,G7,'Ciclo 3'!H$3:H1000)+iferror(averageif('Ciclo 4'!V$3:V1000,G7,'Ciclo 4'!H$3:H1000),0)+iferror(averageif('Ciclo 4'!W$3:W1000,G7,'Ciclo 4'!H$3:H1000)+iferror(averageif('Ciclo 5'!V$3:V1000,G7,'Ciclo 5'!H$3:H1000),0)+iferror(averageif('Ciclo 5'!W$3:W1000,G7,'Ciclo 5'!H$3:H1000),0),""),""),""),"")) | K7: =if(G7="","",I7/(sum($I:$I)/2)) | M7: Europa League | N7: Europa League | P7: 6 | Q7: =IF(P7<=$T$2,Q6*(1+R6),"") -> 126.5319 | R7: =IF(P7<=$T$2,R6*(1-Diretrizes!$C$5),) -> 0.04 | S7: =IF(P7<=$T$2,(Q7-$Q$1)/100,) -> 0.26531902
B8: =if(A8="","", countif('Ciclo 1'!N:N,$A8)+countif('Ciclo 2'!N:N,$A8)+countif('Ciclo 3'!N:N,$A8)+countif('Ciclo 4'!N:N,$A8)+countif('Ciclo 5'!N:N,$A8)) | C8: =if(A8="",,sumif('Ciclo 1'!$N:$N,$A8,'Ciclo 1'!G:G)+sumif('Ciclo 2'!$N:$N,$A8,'Ciclo 2'!G:G)+sumif('Ciclo 3'!$N:$N,$A8,'Ciclo 3'!G:G)+sumif('Ciclo 4'!$N:$N,$A8,'Ciclo 4'!G:G)+sumif('Ciclo 5'!$N:$N,$A8,'Ciclo 5'!G:G)) | D8: =if(A8="",,iferror((sumif('Ciclo 1'!N:N,A8,'Ciclo 1'!H:H)+sumif('Ciclo 2'!N:N,A8,'Ciclo 2'!H:H)+sumif('Ciclo 3'!N:N,A8,'Ciclo 3'!H:H)+sumif('Ciclo 4'!N:N,A8,'Ciclo 4'!H:H)+sumif('Ciclo 5'!N:N,A8,'Ciclo 5'!H:H))/B8,"")) | E8: =if(A8="",,IFERROR(C8/sum($C$2:$C1006),"")) | H8: =if(G8="",, sumif('Ciclo 1'!P:P,G8,'Ciclo 1'!R:R)+sumif('Ciclo 2'!P:P,G8,'Ciclo 2'!R:R)+sumif('Ciclo 3'!P:P,G8,'Ciclo 3'!R:R)+sumif('Ciclo 4'!P:P,G8,'Ciclo 4'!R:R)+sumif('Ciclo 5'!P:P,G8,'Ciclo 5'!R:R)) | I8: =if(G8="",, sumif('Ciclo 1'!P:P,G8,'Ciclo 1'!Q:Q)+sumif('Ciclo 2'!P:P,G8,'Ciclo 2'!Q:Q)+sumif('Ciclo 3'!P:P,G8,'Ciclo 3'!Q:Q)+sumif('Ciclo 4'!P:P,G8,'Ciclo 4'!Q:Q)+sumif('Ciclo 5'!P:P,G8,'Ciclo 5'!Q:Q)) | J8: =if(G8="","", iferror(averageif('Ciclo 1'!V$3:V1000,G8,'Ciclo 1'!H$3:H1000),0)+iferror(averageif('Ciclo 1'!W$3:W1000,G8,'Ciclo 1'!H$3:H1000)+iferror(averageif('Ciclo 2'!V$3:V1000,G8,'Ciclo 2'!H$3:H1000),0)+iferror(averageif('Ciclo 2'!W$3:W1000,G8,'Ciclo 2'!H$3:H1000)+iferror(averageif('Ciclo 3'!V$3:V1000,G8,'Ciclo 3'!H$3:H1000),0)+iferror(averageif('Ciclo 3'!W$3:W1000,G8,'Ciclo 3'!H$3:H1000)+iferror(averageif('Ciclo 4'!V$3:V1000,G8,'Ciclo 4'!H$3:H1000),0)+iferror(averageif('Ciclo 4'!W$3:W1000,G8,'Ciclo 4'!H$3:H1000)+iferror(averageif('Ciclo 5'!V$3:V1000,G8,'Ciclo 5'!H$3:H1000),0)+iferror(averageif('Ciclo 5'!W$3:W1000,G8,'Ciclo 5'!H$3:H1000),0),""),""),""),"")) | K8: =if(G8="","",I8/(sum($I:$I)/2)) | M8: Finlândia Ykkönen | N8: Finlândia Ykkönen | P8: 7 | Q8: =IF(P8<=$T$2,Q7*(1+R7),"") -> 131.59318 | R8: =IF(P8<=$T$2,R7*(1-Diretrizes!$C$5),) -> 0.04 | S8: =IF(P8<=$T$2,(Q8-$Q$1)/100,) -> 0.31593178
B9: =if(A9="","", countif('Ciclo 1'!N:N,$A9)+countif('Ciclo 2'!N:N,$A9)+countif('Ciclo 3'!N:N,$A9)+countif('Ciclo 4'!N:N,$A9)+countif('Ciclo 5'!N:N,$A9)) | C9: =if(A9="",,sumif('Ciclo 1'!$N:$N,$A9,'Ciclo 1'!G:G)+sumif('Ciclo 2'!$N:$N,$A9,'Ciclo 2'!G:G)+sumif('Ciclo 3'!$N:$N,$A9,'Ciclo 3'!G:G)+sumif('Ciclo 4'!$N:$N,$A9,'Ciclo 4'!G:G)+sumif('Ciclo 5'!$N:$N,$A9,'Ciclo 5'!G:G)) | D9: =if(A9="",,iferror((sumif('Ciclo 1'!N:N,A9,'Ciclo 1'!H:H)+sumif('Ciclo 2'!N:N,A9,'Ciclo 2'!H:H)+sumif('Ciclo 3'!N:N,A9,'Ciclo 3'!H:H)+sumif('Ciclo 4'!N:N,A9,'Ciclo 4'!H:H)+sumif('Ciclo 5'!N:N,A9,'Ciclo 5'!H:H))/B9,"")) | E9: =if(A9="",,IFERROR(C9/sum($C$2:$C1007),"")) | H9: =if(G9="",, sumif('Ciclo 1'!P:P,G9,'Ciclo 1'!R:R)+sumif('Ciclo 2'!P:P,G9,'Ciclo 2'!R:R)+sumif('Ciclo 3'!P:P,G9,'Ciclo 3'!R:R)+sumif('Ciclo 4'!P:P,G9,'Ciclo 4'!R:R)+sumif('Ciclo 5'!P:P,G9,'Ciclo 5'!R:R)) | I9: =if(G9="",, sumif('Ciclo 1'!P:P,G9,'Ciclo 1'!Q:Q)+sumif('Ciclo 2'!P:P,G9,'Ciclo 2'!Q:Q)+sumif('Ciclo 3'!P:P,G9,'Ciclo 3'!Q:Q)+sumif('Ciclo 4'!P:P,G9,'Ciclo 4'!Q:Q)+sumif('Ciclo 5'!P:P,G9,'Ciclo 5'!Q:Q)) | J9: =if(G9="","", iferror(averageif('Ciclo 1'!V$3:V1000,G9,'Ciclo 1'!H$3:H1000),0)+iferror(averageif('Ciclo 1'!W$3:W1000,G9,'Ciclo 1'!H$3:H1000)+iferror(averageif('Ciclo 2'!V$3:V1000,G9,'Ciclo 2'!H$3:H1000),0)+iferror(averageif('Ciclo 2'!W$3:W1000,G9,'Ciclo 2'!H$3:H1000)+iferror(averageif('Ciclo 3'!V$3:V1000,G9,'Ciclo 3'!H$3:H1000),0)+iferror(averageif('Ciclo 3'!W$3:W1000,G9,'Ciclo 3'!H$3:H1000)+iferror(averageif('Ciclo 4'!V$3:V1000,G9,'Ciclo 4'!H$3:H1000),0)+iferror(averageif('Ciclo 4'!W$3:W1000,G9,'Ciclo 4'!H$3:H1000)+iferror(averageif('Ciclo 5'!V$3:V1000,G9,'Ciclo 5'!H$3:H1000),0)+iferror(averageif('Ciclo 5'!W$3:W1000,G9,'Ciclo 5'!H$3:H1000),0),""),""),""),"")) | K9: =if(G9="","",I9/(sum($I:$I)/2)) | M9: França Ligue 1 | N9: França Ligue 1 | P9: 8 | Q9: =IF(P9<=$T$2,Q8*(1+R8),"") -> 136.85691 | R9: =IF(P9<=$T$2,R8*(1-Diretrizes!$C$5),) -> 0.04 | S9: =IF(P9<=$T$2,(Q9-$Q$1)/100,) -> 0.36856905
B10: =if(A10="","", countif('Ciclo 1'!N:N,$A10)+countif('Ciclo 2'!N:N,$A10)+countif('Ciclo 3'!N:N,$A10)+countif('Ciclo 4'!N:N,$A10)+countif('Ciclo 5'!N:N,$A10)) | C10: =if(A10="",,sumif('Ciclo 1'!$N:$N,$A10,'Ciclo 1'!G:G)+sumif('Ciclo 2'!$N:$N,$A10,'Ciclo 2'!G:G)+sumif('Ciclo 3'!$N:$N,$A10,'Ciclo 3'!G:G)+sumif('Ciclo 4'!$N:$N,$A10,'Ciclo 4'!G:G)+sumif('Ciclo 5'!$N:$N,$A10,'Ciclo 5'!G:G)) | D10: =if(A10="",,iferror((sumif('Ciclo 1'!N:N,A10,'Ciclo 1'!H:H)+sumif('Ciclo 2'!N:N,A10,'Ciclo 2'!H:H)+sumif('Ciclo 3'!N:N,A10,'Ciclo 3'!H:H)+sumif('Ciclo 4'!N:N,A10,'Ciclo 4'!H:H)+sumif('Ciclo 5'!N:N,A10,'Ciclo 5'!H:H))/B10,"")) | E10: =if(A10="",,IFERROR(C10/sum($C$2:$C1008),"")) | H10: =if(G10="",, sumif('Ciclo 1'!P:P,G10,'Ciclo 1'!R:R)+sumif('Ciclo 2'!P:P,G10,'Ciclo 2'!R:R)+sumif('Ciclo 3'!P:P,G10,'Ciclo 3'!R:R)+sumif('Ciclo 4'!P:P,G10,'Ciclo 4'!R:R)+sumif('Ciclo 5'!P:P,G10,'Ciclo 5'!R:R)) | I10: =if(G10="",, sumif('Ciclo 1'!P:P,G10,'Ciclo 1'!Q:Q)+sumif('Ciclo 2'!P:P,G10,'Ciclo 2'!Q:Q)+sumif('Ciclo 3'!P:P,G10,'Ciclo 3'!Q:Q)+sumif('Ciclo 4'!P:P,G10,'Ciclo 4'!Q:Q)+sumif('Ciclo 5'!P:P,G10,'Ciclo 5'!Q:Q)) | J10: =if(G10="","", iferror(averageif('Ciclo 1'!V$3:V1000,G10,'Ciclo 1'!H$3:H1000),0)+iferror(averageif('Ciclo 1'!W$3:W1000,G10,'Ciclo 1'!H$3:H1000)+iferror(averageif('Ciclo 2'!V$3:V1000,G10,'Ciclo 2'!H$3:H1000),0)+iferror(averageif('Ciclo 2'!W$3:W1000,G10,'Ciclo 2'!H$3:H1000)+iferror(averageif('Ciclo 3'!V$3:V1000,G10,'Ciclo 3'!H$3:H1000),0)+iferror(averageif('Ciclo 3'!W$3:W1000,G10,'Ciclo 3'!H$3:H1000)+iferror(averageif('Ciclo 4'!V$3:V1000,G10,'Ciclo 4'!H$3:H1000),0)+iferror(averageif('Ciclo 4'!W$3:W1000,G10,'Ciclo 4'!H$3:H1000)+iferror(averageif('Ciclo 5'!V$3:V1000,G10,'Ciclo 5'!H$3:H1000),0)+iferror(averageif('Ciclo 5'!W$3:W1000,G10,'Ciclo 5'!H$3:H1000),0),""),""),""),"")) | K10: =if(G10="","",I10/(sum($I:$I)/2)) | M10: México Apertura | N10: México Apertura | P10: 9 | Q10: =IF(P10<=$T$2,Q9*(1+R9),"") -> 142.33118 | R10: =IF(P10<=$T$2,R9*(1-Diretrizes!$C$5),) -> 0.04 | S10: =IF(P10<=$T$2,(Q10-$Q$1)/100,) -> 0.42331181
B11: =if(A11="","", countif('Ciclo 1'!N:N,$A11)+countif('Ciclo 2'!N:N,$A11)+countif('Ciclo 3'!N:N,$A11)+countif('Ciclo 4'!N:N,$A11)+countif('Ciclo 5'!N:N,$A11)) | C11: =if(A11="",,sumif('Ciclo 1'!$N:$N,$A11,'Ciclo 1'!G:G)+sumif('Ciclo 2'!$N:$N,$A11,'Ciclo 2'!G:G)+sumif('Ciclo 3'!$N:$N,$A11,'Ciclo 3'!G:G)+sumif('Ciclo 4'!$N:$N,$A11,'Ciclo 4'!G:G)+sumif('Ciclo 5'!$N:$N,$A11,'Ciclo 5'!G:G)) | D11: =if(A11="",,iferror((sumif('Ciclo 1'!N:N,A11,'Ciclo 1'!H:H)+sumif('Ciclo 2'!N:N,A11,'Ciclo 2'!H:H)+sumif('Ciclo 3'!N:N,A11,'Ciclo 3'!H:H)+sumif('Ciclo 4'!N:N,A11,'Ciclo 4'!H:H)+sumif('Ciclo 5'!N:N,A11,'Ciclo 5'!H:H))/B11,"")) | E11: =if(A11="",,IFERROR(C11/sum($C$2:$C1009),"")) | H11: =if(G11="",, sumif('Ciclo 1'!P:P,G11,'Ciclo 1'!R:R)+sumif('Ciclo 2'!P:P,G11,'Ciclo 2'!R:R)+sumif('Ciclo 3'!P:P,G11,'Ciclo 3'!R:R)+sumif('Ciclo 4'!P:P,G11,'Ciclo 4'!R:R)+sumif('Ciclo 5'!P:P,G11,'Ciclo 5'!R:R)) | I11: =if(G11="",, sumif('Ciclo 1'!P:P,G11,'Ciclo 1'!Q:Q)+sumif('Ciclo 2'!P:P,G11,'Ciclo 2'!Q:Q)+sumif('Ciclo 3'!P:P,G11,'Ciclo 3'!Q:Q)+sumif('Ciclo 4'!P:P,G11,'Ciclo 4'!Q:Q)+sumif('Ciclo 5'!P:P,G11,'Ciclo 5'!Q:Q)) | J11: =if(G11="","", iferror(averageif('Ciclo 1'!V$3:V1000,G11,'Ciclo 1'!H$3:H1000),0)+iferror(averageif('Ciclo 1'!W$3:W1000,G11,'Ciclo 1'!H$3:H1000)+iferror(averageif('Ciclo 2'!V$3:V1000,G11,'Ciclo 2'!H$3:H1000),0)+iferror(averageif('Ciclo 2'!W$3:W1000,G11,'Ciclo 2'!H$3:H1000)+iferror(averageif('Ciclo 3'!V$3:V1000,G11,'Ciclo 3'!H$3:H1000),0)+iferror(averageif('Ciclo 3'!W$3:W1000,G11,'Ciclo 3'!H$3:H1000)+iferror(averageif('Ciclo 4'!V$3:V1000,G11,'Ciclo 4'!H$3:H1000),0)+iferror(averageif('Ciclo 4'!W$3:W1000,G11,'Ciclo 4'!H$3:H1000)+iferror(averageif('Ciclo 5'!V$3:V1000,G11,'Ciclo 5'!H$3:H1000),0)+iferror(averageif('Ciclo 5'!W$3:W1000,G11,'Ciclo 5'!H$3:H1000),0),""),""),""),"")) | K11: =if(G11="","",I11/(sum($I:$I)/2)) | M11: MLS | N11: MLS | P11: 10 | Q11: =IF(P11<=$T$2,Q10*(1+R10),"") -> 148.02443 | R11: =IF(P11<=$T$2,R10*(1-Diretrizes!$C$5),) -> 0.04 | S11: =IF(P11<=$T$2,(Q11-$Q$1)/100,) -> 0.48024428
B12: =if(A12="","", countif('Ciclo 1'!N:N,$A12)+countif('Ciclo 2'!N:N,$A12)+countif('Ciclo 3'!N:N,$A12)+countif('Ciclo 4'!N:N,$A12)+countif('Ciclo 5'!N:N,$A12)) | C12: =if(A12="",,sumif('Ciclo 1'!$N:$N,$A12,'Ciclo 1'!G:G)+sumif('Ciclo 2'!$N:$N,$A12,'Ciclo 2'!G:G)+sumif('Ciclo 3'!$N:$N,$A12,'Ciclo 3'!G:G)+sumif('Ciclo 4'!$N:$N,$A12,'Ciclo 4'!G:G)+sumif('Ciclo 5'!$N:$N,$A12,'Ciclo 5'!G:G)) | D12: =if(A12="",,iferror((sumif('Ciclo 1'!N:N,A12,'Ciclo 1'!H:H)+sumif('Ciclo 2'!N:N,A12,'Ciclo 2'!H:H)+sumif('Ciclo 3'!N:N,A12,'Ciclo 3'!H:H)+sumif('Ciclo 4'!N:N,A12,'Ciclo 4'!H:H)+sumif('Ciclo 5'!N:N,A12,'Ciclo 5'!H:H))/B12,"")) | E12: =if(A12="",,IFERROR(C12/sum($C$2:$C1010),"")) | H12: =if(G12="",, sumif('Ciclo 1'!P:P,G12,'Ciclo 1'!R:R)+sumif('Ciclo 2'!P:P,G12,'Ciclo 2'!R:R)+sumif('Ciclo 3'!P:P,G12,'Ciclo 3'!R:R)+sumif('Ciclo 4'!P:P,G12,'Ciclo 4'!R:R)+sumif('Ciclo 5'!P:P,G12,'Ciclo 5'!R:R)) | I12: =if(G12="",, sumif('Ciclo 1'!P:P,G12,'Ciclo 1'!Q:Q)+sumif('Ciclo 2'!P:P,G12,'Ciclo 2'!Q:Q)+sumif('Ciclo 3'!P:P,G12,'Ciclo 3'!Q:Q)+sumif('Ciclo 4'!P:P,G12,'Ciclo 4'!Q:Q)+sumif('Ciclo 5'!P:P,G12,'Ciclo 5'!Q:Q)) | J12: =if(G12="","", iferror(averageif('Ciclo 1'!V$3:V1000,G12,'Ciclo 1'!H$3:H1000),0)+iferror(averageif('Ciclo 1'!W$3:W1000,G12,'Ciclo 1'!H$3:H1000)+iferror(averageif('Ciclo 2'!V$3:V1000,G12,'Ciclo 2'!H$3:H1000),0)+iferror(averageif('Ciclo 2'!W$3:W1000,G12,'Ciclo 2'!H$3:H1000)+iferror(averageif('Ciclo 3'!V$3:V1000,G12,'Ciclo 3'!H$3:H1000),0)+iferror(averageif('Ciclo 3'!W$3:W1000,G12,'Ciclo 3'!H$3:H1000)+iferror(averageif('Ciclo 4'!V$3:V1000,G12,'Ciclo 4'!H$3:H1000),0)+iferror(averageif('Ciclo 4'!W$3:W1000,G12,'Ciclo 4'!H$3:H1000)+iferror(averageif('Ciclo 5'!V$3:V1000,G12,'Ciclo 5'!H$3:H1000),0)+iferror(averageif('Ciclo 5'!W$3:W1000,G12,'Ciclo 5'!H$3:H1000),0),""),""),""),"")) | K12: =if(G12="","",I12/(sum($I:$I)/2)) | M12: Série B | N12: Brasileirão Série B | P12: 11 | Q12: =IF(P12<=$T$2,Q11*(1+R11),"") -> 153.94541 | R12: =IF(P12<=$T$2,R11*(1-Diretrizes!$C$5),) -> 0.04 | S12: =IF(P12<=$T$2,(Q12-$Q$1)/100,) -> 0.53945406
B13: =if(A13="","", countif('Ciclo 1'!N:N,$A13)+countif('Ciclo 2'!N:N,$A13)+countif('Ciclo 3'!N:N,$A13)+countif('Ciclo 4'!N:N,$A13)+countif('Ciclo 5'!N:N,$A13)) | C13: =if(A13="",,sumif('Ciclo 1'!$N:$N,$A13,'Ciclo 1'!G:G)+sumif('Ciclo 2'!$N:$N,$A13,'Ciclo 2'!G:G)+sumif('Ciclo 3'!$N:$N,$A13,'Ciclo 3'!G:G)+sumif('Ciclo 4'!$N:$N,$A13,'Ciclo 4'!G:G)+sumif('Ciclo 5'!$N:$N,$A13,'Ciclo 5'!G:G)) | D13: =if(A13="",,iferror((sumif('Ciclo 1'!N:N,A13,'Ciclo 1'!H:H)+sumif('Ciclo 2'!N:N,A13,'Ciclo 2'!H:H)+sumif('Ciclo 3'!N:N,A13,'Ciclo 3'!H:H)+sumif('Ciclo 4'!N:N,A13,'Ciclo 4'!H:H)+sumif('Ciclo 5'!N:N,A13,'Ciclo 5'!H:H))/B13,"")) | E13: =if(A13="",,IFERROR(C13/sum($C$2:$C1011),"")) | H13: =if(G13="",, sumif('Ciclo 1'!P:P,G13,'Ciclo 1'!R:R)+sumif('Ciclo 2'!P:P,G13,'Ciclo 2'!R:R)+sumif('Ciclo 3'!P:P,G13,'Ciclo 3'!R:R)+sumif('Ciclo 4'!P:P,G13,'Ciclo 4'!R:R)+sumif('Ciclo 5'!P:P,G13,'Ciclo 5'!R:R)) | I13: =if(G13="",, sumif('Ciclo 1'!P:P,G13,'Ciclo 1'!Q:Q)+sumif('Ciclo 2'!P:P,G13,'Ciclo 2'!Q:Q)+sumif('Ciclo 3'!P:P,G13,'Ciclo 3'!Q:Q)+sumif('Ciclo 4'!P:P,G13,'Ciclo 4'!Q:Q)+sumif('Ciclo 5'!P:P,G13,'Ciclo 5'!Q:Q)) | J13: =if(G13="","", iferror(averageif('Ciclo 1'!V$3:V1000,G13,'Ciclo 1'!H$3:H1000),0)+iferror(averageif('Ciclo 1'!W$3:W1000,G13,'Ciclo 1'!H$3:H1000)+iferror(averageif('Ciclo 2'!V$3:V1000,G13,'Ciclo 2'!H$3:H1000),0)+iferror(averageif('Ciclo 2'!W$3:W1000,G13,'Ciclo 2'!H$3:H1000)+iferror(averageif('Ciclo 3'!V$3:V1000,G13,'Ciclo 3'!H$3:H1000),0)+iferror(averageif('Ciclo 3'!W$3:W1000,G13,'Ciclo 3'!H$3:H1000)+iferror(averageif('Ciclo 4'!V$3:V1000,G13,'Ciclo 4'!H$3:H1000),0)+iferror(averageif('Ciclo 4'!W$3:W1000,G13,'Ciclo 4'!H$3:H1000)+iferror(averageif('Ciclo 5'!V$3:V1000,G13,'Ciclo 5'!H$3:H1000),0)+iferror(averageif('Ciclo 5'!W$3:W1000,G13,'Ciclo 5'!H$3:H1000),0),""),""),""),"")) | K13: =if(G13="","",I13/(sum($I:$I)/2)) | P13: 12 | Q13: =IF(P13<=$T$2,Q12*(1+R12),"") -> 160.10322 | R13: =IF(P13<=$T$2,R12*(1-Diretrizes!$C$5),) -> 0.04 | S13: =IF(P13<=$T$2,(Q13-$Q$1)/100,) -> 0.60103222
B14: =if(A14="","", countif('Ciclo 1'!N:N,$A14)+countif('Ciclo 2'!N:N,$A14)+countif('Ciclo 3'!N:N,$A14)+countif('Ciclo 4'!N:N,$A14)+countif('Ciclo 5'!N:N,$A14)) | C14: =if(A14="",,sumif('Ciclo 1'!$N:$N,$A14,'Ciclo 1'!G:G)+sumif('Ciclo 2'!$N:$N,$A14,'Ciclo 2'!G:G)+sumif('Ciclo 3'!$N:$N,$A14,'Ciclo 3'!G:G)+sumif('Ciclo 4'!$N:$N,$A14,'Ciclo 4'!G:G)+sumif('Ciclo 5'!$N:$N,$A14,'Ciclo 5'!G:G)) | D14: =if(A14="",,iferror((sumif('Ciclo 1'!N:N,A14,'Ciclo 1'!H:H)+sumif('Ciclo 2'!N:N,A14,'Ciclo 2'!H:H)+sumif('Ciclo 3'!N:N,A14,'Ciclo 3'!H:H)+sumif('Ciclo 4'!N:N,A14,'Ciclo 4'!H:H)+sumif('Ciclo 5'!N:N,A14,'Ciclo 5'!H:H))/B14,"")) | E14: =if(A14="",,IFERROR(C14/sum($C$2:$C1012),"")) | H14: =if(G14="",, sumif('Ciclo 1'!P:P,G14,'Ciclo 1'!R:R)+sumif('Ciclo 2'!P:P,G14,'Ciclo 2'!R:R)+sumif('Ciclo 3'!P:P,G14,'Ciclo 3'!R:R)+sumif('Ciclo 4'!P:P,G14,'Ciclo 4'!R:R)+sumif('Ciclo 5'!P:P,G14,'Ciclo 5'!R:R)) | I14: =if(G14="",, sumif('Ciclo 1'!P:P,G14,'Ciclo 1'!Q:Q)+sumif('Ciclo 2'!P:P,G14,'Ciclo 2'!Q:Q)+sumif('Ciclo 3'!P:P,G14,'Ciclo 3'!Q:Q)+sumif('Ciclo 4'!P:P,G14,'Ciclo 4'!Q:Q)+sumif('Ciclo 5'!P:P,G14,'Ciclo 5'!Q:Q)) | J14: =if(G14="","", iferror(averageif('Ciclo 1'!V$3:V1000,G14,'Ciclo 1'!H$3:H1000),0)+iferror(averageif('Ciclo 1'!W$3:W1000,G14,'Ciclo 1'!H$3:H1000)+iferror(averageif('Ciclo 2'!V$3:V1000,G14,'Ciclo 2'!H$3:H1000),0)+iferror(averageif('Ciclo 2'!W$3:W1000,G14,'Ciclo 2'!H$3:H1000)+iferror(averageif('Ciclo 3'!V$3:V1000,G14,'Ciclo 3'!H$3:H1000),0)+iferror(averageif('Ciclo 3'!W$3:W1000,G14,'Ciclo 3'!H$3:H1000)+iferror(averageif('Ciclo 4'!V$3:V1000,G14,'Ciclo 4'!H$3:H1000),0)+iferror(averageif('Ciclo 4'!W$3:W1000,G14,'Ciclo 4'!H$3:H1000)+iferror(averageif('Ciclo 5'!V$3:V1000,G14,'Ciclo 5'!H$3:H1000),0)+iferror(averageif('Ciclo 5'!W$3:W1000,G14,'Ciclo 5'!H$3:H1000),0),""),""),""),"")) | K14: =if(G14="","",I14/(sum($I:$I)/2)) | P14: 13 | Q14: =IF(P14<=$T$2,Q13*(1+R13),"") | R14: =IF(P14<=$T$2,R13*(1-Diretrizes!$C$5),) | S14: =IF(P14<=$T$2,(Q14-$Q$1)/100,)
B15: =if(A15="","", countif('Ciclo 1'!N:N,$A15)+countif('Ciclo 2'!N:N,$A15)+countif('Ciclo 3'!N:N,$A15)+countif('Ciclo 4'!N:N,$A15)+countif('Ciclo 5'!N:N,$A15)) | C15: =if(A15="",,sumif('Ciclo 1'!$N:$N,$A15,'Ciclo 1'!G:G)+sumif('Ciclo 2'!$N:$N,$A15,'Ciclo 2'!G:G)+sumif('Ciclo 3'!$N:$N,$A15,'Ciclo 3'!G:G)+sumif('Ciclo 4'!$N:$N,$A15,'Ciclo 4'!G:G)+sumif('Ciclo 5'!$N:$N,$A15,'Ciclo 5'!G:G)) | D15: =if(A15="",,iferror((sumif('Ciclo 1'!N:N,A15,'Ciclo 1'!H:H)+sumif('Ciclo 2'!N:N,A15,'Ciclo 2'!H:H)+sumif('Ciclo 3'!N:N,A15,'Ciclo 3'!H:H)+sumif('Ciclo 4'!N:N,A15,'Ciclo 4'!H:H)+sumif('Ciclo 5'!N:N,A15,'Ciclo 5'!H:H))/B15,"")) | E15: =if(A15="",,IFERROR(C15/sum($C$2:$C1013),"")) | H15: =if(G15="",, sumif('Ciclo 1'!P:P,G15,'Ciclo 1'!R:R)+sumif('Ciclo 2'!P:P,G15,'Ciclo 2'!R:R)+sumif('Ciclo 3'!P:P,G15,'Ciclo 3'!R:R)+sumif('Ciclo 4'!P:P,G15,'Ciclo 4'!R:R)+sumif('Ciclo 5'!P:P,G15,'Ciclo 5'!R:R)) | I15: =if(G15="",, sumif('Ciclo 1'!P:P,G15,'Ciclo 1'!Q:Q)+sumif('Ciclo 2'!P:P,G15,'Ciclo 2'!Q:Q)+sumif('Ciclo 3'!P:P,G15,'Ciclo 3'!Q:Q)+sumif('Ciclo 4'!P:P,G15,'Ciclo 4'!Q:Q)+sumif('Ciclo 5'!P:P,G15,'Ciclo 5'!Q:Q)) | J15: =if(G15="","", iferror(averageif('Ciclo 1'!V$3:V1000,G15,'Ciclo 1'!H$3:H1000),0)+iferror(averageif('Ciclo 1'!W$3:W1000,G15,'Ciclo 1'!H$3:H1000)+iferror(averageif('Ciclo 2'!V$3:V1000,G15,'Ciclo 2'!H$3:H1000),0)+iferror(averageif('Ciclo 2'!W$3:W1000,G15,'Ciclo 2'!H$3:H1000)+iferror(averageif('Ciclo 3'!V$3:V1000,G15,'Ciclo 3'!H$3:H1000),0)+iferror(averageif('Ciclo 3'!W$3:W1000,G15,'Ciclo 3'!H$3:H1000)+iferror(averageif('Ciclo 4'!V$3:V1000,G15,'Ciclo 4'!H$3:H1000),0)+iferror(averageif('Ciclo 4'!W$3:W1000,G15,'Ciclo 4'!H$3:H1000)+iferror(averageif('Ciclo 5'!V$3:V1000,G15,'Ciclo 5'!H$3:H1000),0)+iferror(averageif('Ciclo 5'!W$3:W1000,G15,'Ciclo 5'!H$3:H1000),0),""),""),""),"")) | K15: =if(G15="","",I15/(sum($I:$I)/2)) | P15: 14 | Q15: =IF(P15<=$T$2,Q14*(1+R14),"") | R15: =IF(P15<=$T$2,R14*(1-Diretrizes!$C$5),) | S15: =IF(P15<=$T$2,(Q15-$Q$1)/100,)
B16: =if(A16="","", countif('Ciclo 1'!N:N,$A16)+countif('Ciclo 2'!N:N,$A16)+countif('Ciclo 3'!N:N,$A16)+countif('Ciclo 4'!N:N,$A16)+countif('Ciclo 5'!N:N,$A16)) | C16: =if(A16="",,sumif('Ciclo 1'!$N:$N,$A16,'Ciclo 1'!G:G)+sumif('Ciclo 2'!$N:$N,$A16,'Ciclo 2'!G:G)+sumif('Ciclo 3'!$N:$N,$A16,'Ciclo 3'!G:G)+sumif('Ciclo 4'!$N:$N,$A16,'Ciclo 4'!G:G)+sumif('Ciclo 5'!$N:$N,$A16,'Ciclo 5'!G:G)) | D16: =if(A16="",,iferror((sumif('Ciclo 1'!N:N,A16,'Ciclo 1'!H:H)+sumif('Ciclo 2'!N:N,A16,'Ciclo 2'!H:H)+sumif('Ciclo 3'!N:N,A16,'Ciclo 3'!H:H)+sumif('Ciclo 4'!N:N,A16,'Ciclo 4'!H:H)+sumif('Ciclo 5'!N:N,A16,'Ciclo 5'!H:H))/B16,"")) | E16: =if(A16="",,IFERROR(C16/sum($C$2:$C1014),"")) | H16: =if(G16="",, sumif('Ciclo 1'!P:P,G16,'Ciclo 1'!R:R)+sumif('Ciclo 2'!P:P,G16,'Ciclo 2'!R:R)+sumif('Ciclo 3'!P:P,G16,'Ciclo 3'!R:R)+sumif('Ciclo 4'!P:P,G16,'Ciclo 4'!R:R)+sumif('Ciclo 5'!P:P,G16,'Ciclo 5'!R:R)) | I16: =if(G16="",, sumif('Ciclo 1'!P:P,G16,'Ciclo 1'!Q:Q)+sumif('Ciclo 2'!P:P,G16,'Ciclo 2'!Q:Q)+sumif('Ciclo 3'!P:P,G16,'Ciclo 3'!Q:Q)+sumif('Ciclo 4'!P:P,G16,'Ciclo 4'!Q:Q)+sumif('Ciclo 5'!P:P,G16,'Ciclo 5'!Q:Q)) | J16: =if(G16="","", iferror(averageif('Ciclo 1'!V$3:V1000,G16,'Ciclo 1'!H$3:H1000),0)+iferror(averageif('Ciclo 1'!W$3:W1000,G16,'Ciclo 1'!H$3:H1000)+iferror(averageif('Ciclo 2'!V$3:V1000,G16,'Ciclo 2'!H$3:H1000),0)+iferror(averageif('Ciclo 2'!W$3:W1000,G16,'Ciclo 2'!H$3:H1000)+iferror(averageif('Ciclo 3'!V$3:V1000,G16,'Ciclo 3'!H$3:H1000),0)+iferror(averageif('Ciclo 3'!W$3:W1000,G16,'Ciclo 3'!H$3:H1000)+iferror(averageif('Ciclo 4'!V$3:V1000,G16,'Ciclo 4'!H$3:H1000),0)+iferror(averageif('Ciclo 4'!W$3:W1000,G16,'Ciclo 4'!H$3:H1000)+iferror(averageif('Ciclo 5'!V$3:V1000,G16,'Ciclo 5'!H$3:H1000),0)+iferror(averageif('Ciclo 5'!W$3:W1000,G16,'Ciclo 5'!H$3:H1000),0),""),""),""),"")) | K16: =if(G16="","",I16/(sum($I:$I)/2)) | P16: 15 | Q16: =IF(P16<=$T$2,Q15*(1+R15),"") | R16: =IF(P16<=$T$2,R15*(1-Diretrizes!$C$5),) | S16: =IF(P16<=$T$2,(Q16-$Q$1)/100,)
B17: =if(A17="","", countif('Ciclo 1'!N:N,$A17)+countif('Ciclo 2'!N:N,$A17)+countif('Ciclo 3'!N:N,$A17)+countif('Ciclo 4'!N:N,$A17)+countif('Ciclo 5'!N:N,$A17)) | C17: =if(A17="",,sumif('Ciclo 1'!$N:$N,$A17,'Ciclo 1'!G:G)+sumif('Ciclo 2'!$N:$N,$A17,'Ciclo 2'!G:G)+sumif('Ciclo 3'!$N:$N,$A17,'Ciclo 3'!G:G)+sumif('Ciclo 4'!$N:$N,$A17,'Ciclo 4'!G:G)+sumif('Ciclo 5'!$N:$N,$A17,'Ciclo 5'!G:G)) | D17: =if(A17="",,iferror((sumif('Ciclo 1'!N:N,A17,'Ciclo 1'!H:H)+sumif('Ciclo 2'!N:N,A17,'Ciclo 2'!H:H)+sumif('Ciclo 3'!N:N,A17,'Ciclo 3'!H:H)+sumif('Ciclo 4'!N:N,A17,'Ciclo 4'!H:H)+sumif('Ciclo 5'!N:N,A17,'Ciclo 5'!H:H))/B17,"")) | E17: =if(A17="",,IFERROR(C17/sum($C$2:$C1015),"")) | H17: =if(G17="",, sumif('Ciclo 1'!P:P,G17,'Ciclo 1'!R:R)+sumif('Ciclo 2'!P:P,G17,'Ciclo 2'!R:R)+sumif('Ciclo 3'!P:P,G17,'Ciclo 3'!R:R)+sumif('Ciclo 4'!P:P,G17,'Ciclo 4'!R:R)+sumif('Ciclo 5'!P:P,G17,'Ciclo 5'!R:R)) | I17: =if(G17="",, sumif('Ciclo 1'!P:P,G17,'Ciclo 1'!Q:Q)+sumif('Ciclo 2'!P:P,G17,'Ciclo 2'!Q:Q)+sumif('Ciclo 3'!P:P,G17,'Ciclo 3'!Q:Q)+sumif('Ciclo 4'!P:P,G17,'Ciclo 4'!Q:Q)+sumif('Ciclo 5'!P:P,G17,'Ciclo 5'!Q:Q)) | J17: =if(G17="","", iferror(averageif('Ciclo 1'!V$3:V1000,G17,'Ciclo 1'!H$3:H1000),0)+iferror(averageif('Ciclo 1'!W$3:W1000,G17,'Ciclo 1'!H$3:H1000)+iferror(averageif('Ciclo 2'!V$3:V1000,G17,'Ciclo 2'!H$3:H1000),0)+iferror(averageif('Ciclo 2'!W$3:W1000,G17,'Ciclo 2'!H$3:H1000)+iferror(averageif('Ciclo 3'!V$3:V1000,G17,'Ciclo 3'!H$3:H1000),0)+iferror(averageif('Ciclo 3'!W$3:W1000,G17,'Ciclo 3'!H$3:H1000)+iferror(averageif('Ciclo 4'!V$3:V1000,G17,'Ciclo 4'!H$3:H1000),0)+iferror(averageif('Ciclo 4'!W$3:W1000,G17,'Ciclo 4'!H$3:H1000)+iferror(averageif('Ciclo 5'!V$3:V1000,G17,'Ciclo 5'!H$3:H1000),0)+iferror(averageif('Ciclo 5'!W$3:W1000,G17,'Ciclo 5'!H$3:H1000),0),""),""),""),"")) | K17: =if(G17="","",I17/(sum($I:$I)/2)) | P17: 16 | Q17: =IF(P17<=$T$2,Q16*(1+R16),"") | R17: =IF(P17<=$T$2,R16*(1-Diretrizes!$C$5),) | S17: =IF(P17<=$T$2,(Q17-$Q$1)/100,)
